,Cell,Part,Cust,Cust #,Prog #,Prog,,Part1,Parent Cell,Parent Part,,1,2,3,4,5,6,7
F4A7V1070-707-C4C007,F4A,7V1070-707-C4,TMMK,C007,010B,CAMRY,D13,7V107,AA06,,,30.95321961,,,,,,
F4A7V1070-707-C4U090,F4A,7V1070-707-C4,TMMMS,U090,150B,COROLLA,D13,7V107,AA06,,,38.65321961,,,,,,
F4AService,F4A,Service,0.01,,,,,,,,,38.65321961,,,,,,
F4B7V2070-707-C3U090,F4B,7V2070-707-C3,TMMMS,U090,150B,COROLLA,D13,7V207,AA06,,,30.95321961,,,,,,
F4B7V2070-707-C3C007,F4B,7V2070-707-C3,TMMK,C007,010B,CAMRY,D13,7V207,AA06,,,32.03810554,,,,,,
F4B7V2070-707-C3U006,F4B,7V2070-707-C3,TMMC,U006,320B,RAV4,D13,7V207,AA06,,,32.03810554,,,,,,
F4BService,F4B,Service,0.01,,,,,,,,,32.03810554,, ,,,,
F4C7V1480-707-C1C028,F4C,7V1480-707-C1,TMMI,C028,550B,HIGHLANDER,D13,7V148,AA06,,,36.57893229,,,,,,
F4C7V1484-707-A2C028,F4C,7V1484-707-A2,TMMI,C028,550B,HIGHLANDER,D13,7V148,AA06,,,36.57893229,,,,,,
F4C7V1487-707-B2C028,F4C,7V1487-707-B2,TMMI,C028,550B,HIGHLANDER,D13,7V148,AA06,,,36.57893229,,,,,,
F4C7V1390-707-C3C028,F4C,7V1390-707-C3,TMMI,C028,550B,HIGHLANDER,D13,7V139,S3A,,,43.72893229,,,,,,
F4C7V1394-707-A2C028,F4C,7V1394-707-A2,TMMI,C028,550B,HIGHLANDER,D13,7V139,S3A,,,43.72893229,,,,,,
F4C7V1397-707-B2C028,F4C,7V1397-707-B2,TMMI,C028,550B,HIGHLANDER,D13,7V139,S3A,,,43.72893229,,,,,,
F4CService,F4C,Service,0.01,,,,,,,,,43.72893229,,,,,,
F4D7V2070-707-C3C028,F4D,7V2070-707-C3,TMMI,C028,550B,HIGHLANDER,,7V207,AA06,,,35.76115966,,,,,,
F4D7V2072-707-A4C028,F4D,7V2072-707-A4,TMMI,C028,550B,HIGHLANDER,,7V207,AA06,,,35.76115966,,,,,,
F4D7V2078-707-B2C028,F4D,7V2078-707-B2,TMMI,C028,550B,HIGHLANDER,,7V207,AA06,,,35.76115966,,,,,,
F4D7V2480-707-C0C028,F4D,7V2480-707-C0,TMMI,C028,550B,HIGHLANDER,D13,7V248,AA06,,,35.76115966,,,,,,
F4D7V2484-707-A0C028,F4D,7V2484-707-A0,TMMI,C028,550B,HIGHLANDER,D13,7V248,AA06,,,35.76115966,,,,,,
F4D7V2487-707-B0C028,F4D,7V2487-707-B0,TMMI,C028,550B,HIGHLANDER,D13,7V248,AA06,,,35.76115966,,,,,,
F4D7V2690-707C028,F4D,7V2690-707,TMMI,C028,550B,HIGHLANDER,,7V269,AA06,,,35.76115966,,,,,,
F4D7V2694-707C028,F4D,7V2694-707,TMMI,C028,550B,HIGHLANDER,,7V269,AA06,,,35.76115966,,,,,,
F4D7V2697-707C028,F4D,7V2697-707,TMMI,C028,550B,HIGHLANDER,,7V269,AA06,,,35.76115966,,,,,,
F4D7V2700-707C028,F4D,7V2700-707,TMMI,C028,550B,HIGHLANDER,D13,7V270,AA06,,,35.76115966,,,,,,
F4D7V2704-707C028,F4D,7V2704-707,TMMI,C028,550B,HIGHLANDER,D13,7V270,AA06,,,35.76115966,,,,,,
F4D7V2707-707C028,F4D,7V2707-707,TMMI,C028,550B,HIGHLANDER,D13,7V270,AA06,,,35.76115966,,,,,,
F4DService,F4D,Service,0.01,,,,,,,,,35.76115966,,,,,,
F4E7V1590-707-C3C028,F4E,7V1590-707-C3,TMMI FMVSS,C028,500B,SIENNA,D13,7V159,AA06,,,45.849,,,,,,
F4E7V1594-707-A1C028,F4E,7V1594-707-A1,TMMI FMVSS,C028,500B,SIENNA,D13,7V159,AA06,,,45.849,,,,,,
F4E7V1597-707-B1C028,F4E,7V1597-707-B1,TMMI FMVSS,C028,500B,SIENNA,D13,7V159,AA06,,,45.849,,,,,,
F4E7V1604-707-A1C028,F4E,7V1604-707-A1,TMMI Taiwan,C028,500B,SIENNA,D13,7V160,AA06,,,39.249,,,,,,
F4E7V1607-707-B1C028,F4E,7V1607-707-B1,TMMI Taiwan,C028,500B,SIENNA,D13,7V160,AA06,,,39.249,,,,,,
F4E7V2590-707-C3C028,F4E,7V2590-707-C3,TMMI FMVSS,C028,500B,SIENNA,,7V259,AA06,,,39.249,,,,,,
F4E7V2594-707-A1C028,F4E,7V2594-707-A1,TMMI FMVSS,C028,500B,SIENNA,,7V259,AA06,,,39.249,,,,,,
F4E7V2597-707-B1C028,F4E,7V2597-707-B1,TMMI FMVSS,C028,500B,SIENNA,,7V259,AA06,,,39.249,,,,,,
F4E7V2604-707-A1C028,F4E,7V2604-707-A1,TMMI Taiwan,C028,500B,SIENNA,,7V260,AA06,,,39.249,,,,,,
F4E7V2607-707-B1C028,F4E,7V2607-707-B1,TMMI Taiwan,C028,500B,SIENNA,,7V260,AA06,,,39.249,,,,,,
F4E7V1770-707U050,F4E,7V1770-707,MTMUS,U050,890B,C-SUV,D13,7V177,AA06,,,38.038,,,,,,
F4EService,F4E,Service,0.01,,,,,,,,,45.849,,,,,,
F4F7V2070-707-C3U050,F4F,7V2070-707-C3,MTMUS,U050,890B,C-SUV,D13,7V207,AA06,,,30.338,,,,,,
F4F7V2590-707-C3C028,F4F,7V2590-707-C3,TMMI FMVSS,C028,500B,SIENNA,D13,7V259,AA06,,,30.338,,,,,,
F4F7V2594-707-A1C028,F4F,7V2594-707-A1,TMMI FMVSS,C028,500B,SIENNA,D13,7V259,AA06,,,30.338,,,,,,
F4F7V2597-707-B1C028,F4F,7V2597-707-B1,TMMI FMVSS,C028,500B,SIENNA,D13,7V259,AA06,,,30.338,,,,,,
F4F7V2604-707-A1C028,F4F,7V2604-707-A1,TMMI Taiwan,C028,500B,SIENNA,D13,7V260,AA06,,,30.338,,,,,,
F4F7V2607-707-B1C028,F4F,7V2607-707-B1,TMMI Taiwan,C028,500B,SIENNA,D13,7V260,AA06,,,30.338,,,,,,
F4FService,F4F,Service,0.01,,,,,,,,,30.338,,,,,,
F4G7V2710-707-,F4G,7V2710-707,MTMUS,-,J34A,CX-X,D13,7V271,AA06,,,61.229,,,,,,
F4G7V2720-707-,F4G,7V2720-707,MTMUS,-,J34A,CX-X,D13,7V272,AA06,,,61.229,,,,,,
F4G7V1710-707-,F4G,7V1710-707,MTMUS,-,J34A,CX-X,D13,7V171,AA06,,,61.229,,,,,,
F4G7V1720-707-,F4G,7V1720-707,MTMUS,-,J34A,CX-X,D13,7V172,AA06,,,61.229,,,,,,
F43A1507-201BU041,F43,A1507-201B,TMMBC,U041,989A,TACOMA,D13,A1507,AA06,,,,63.64970493,68.48970493,,,,
F43A1507-201BU044,F43,A1507-201B,TMMTX,U044,989A,TACOMA,D13,A1507,AA06,,,,63.64970493,68.48970493,,,,
F43A1502-105BU041,F43,A1502-105B,TMMBC,U041,989A,TACOMA,D13,A1502,AA06,,,,79.11473963,85.63957296,,,,
F43A1502-105BU044,F43,A1502-105B,TMMTX,U044,989A,TACOMA,D13,A1502,AA06,,,,69.91773968,69.10007301,,,,
F43A1502-201BU044,F43,A1502-201B,TMMTX,U044,989A,TACOMA,D13,A1502,AA06,,,,69.91773968,69.10007301,,,,
F43A1502-201BU041,F43,A1502-201B,TMMBC,U041,989A,TACOMA,D13,A1502,AA06,,,,69.91773968,69.10007301,,,,
F43A1500-201BU070,F43,A1500-201B,TMMGT,U070,774B,TACOMA,D13,A1500,AA06,,,,69.91773968,69.10007301,,,,
F43A1501-201BU070,F43,A1501-201B,TMMGT,U070,774B,TACOMA,D13,A1501,AA06,,,,69.91773968,69.10007301,,,,
F43A1502-105BU070,F43,A1502-105B,TMMGT,U070,774B,TACOMA,D13,A1502,AA06,,,,69.91773968,69.10007301,,,,
F43A1502-201BU070,F43,A1502-201B,TMMGT,U070,774B,TACOMA,D13,A1502,AA06,,,,69.91773968,69.10007301,,,,
F43A1507-201BU070,F43,A1507-201B,TMMGT,U070,774B,TACOMA,D13,A1507,AA06,,,,69.91773968,69.10007301,,,,
F43Service,F43,Service,0.01,,,,,,,,,,79.11473963,85.63957296,,,,
F44A1507-105BU044,F44,A1507-105B,TMMTX,U044,989A,TACOMA,D13,A1507,AA06,,,,71.33925358,76.17925358,74.49258691,,,
F44A1507-105BU041,F44,A1507-105B,TMMBC,U041,989A,TACOMA,D13,A1507,AA06,,,,71.33925358,76.17925358,74.49258691,,,
F44A1507-105BU070,F44,A1507-105B,TMMGT,U070,774B,TACOMA,D13,A1507,AA06,,,,71.33925358,76.17925358,74.49258691,,,
F44A1516-146BU006,F44,A1516-146B,TMMC,U006,760A,LEXUS RX,D13,A1516,S3A,,,,89.46358691,89.70925358,93.55925358,,,
F44A1516-201BU006,F44,A1516-201B,TMMC,U006,760A,LEXUS RX,D13,A1516,S3A,,,,89.46358691,89.70925358,93.55925358,,,
F44A1516-008BU006,F44,A1516-008B,TMMC,U006,685B,LEXUS RX,D13,A1516,S3A,,,,88.92851453,89.1741812,93.0241812,,,
F44A1529-008BU006,F44,A1529-008B,TMMC,U006,685B,LEXUS RX,D13,A1529,AA06,,,,85.1041812,89.1741812,93.0241812,,,
F44A1529-146BU006,F44,A1529-146B,TMMC,U006,760A,LEXUS RX,D13,A1529,AA06,,,,85.63925358,89.70925358,93.55925358,,,
F44A1529-201BU006,F44,A1529-201B,TMMC,U006,760A,LEXUS RX,D13,A1529,AA06,,,,85.63925358,89.70925358,93.55925358,,,
F447V1740-707C007,F44,7V1740-707,TMMK,C007,947B,LEXUS ES,D13,7V174,AA06,,,,89.46358691,89.70925358,93.55925358,,,
F447V1740-707-C3C007,F44,7V1740-707-C3,TMMK,C007,985B,LEXUS ES,D13,7V174,AA06,,,,89.46358691,89.70925358,93.55925358,,,
F447V1743-707C007,F44,7V1743-707,TMMK,C007,947B,LEXUS ES,D13,7V174,AA06,,,,89.46358691,89.70925358,93.55925358,,,
F447V1748-707C007,F44,7V1748-707,TMMK,C007,947B,LEXUS ES,D13,7V174,AA06,,,,89.46358691,89.70925358,93.55925358,,,
F447V2740-707C007,F44,7V2740-707,TMMK,C007,947B,LEXUS ES,D13,7V274,AA06,,,,85.63925358,89.70925358,93.55925358,,,
F447V2740-707-C3C007,F44,7V2740-707-C3,TMMK,C007,985B,LEXUS ES,D13,7V274,AA06,,,,85.63925358,89.70925358,93.55925358,,,
F447V2743-707C007,F44,7V2743-707,TMMK,C007,947B,LEXUS ES,D13,7V274,AA06,,,,85.63925358,89.70925358,93.55925358,,,
F447V2748-707C007,F44,7V2748-707,TMMK,C007,947B,LEXUS ES,D13,7V274,AA06,,,,85.63925358,89.70925358,93.55925358,,,
F44Service,F44,Service,0.01,,,,,,,,,,89.46358691,89.70925358,93.55925358,,,
F457V1390-707-C3U006,F45,7V1390-707-C3,TMMC,U006,320B,RAV4,D13,7V139,S3A,,,39.48582388,,,,,,
F457V1390-707-C3C007,F45,7V1390-707-C3,TMMK,C007,981B,RAV4,D13,7V139,S3A,,,39.48582388,,,,,,
F45Service,F45,Service,0.01,,,,,,,,,39.48582388,,,,,,
F467V1074-707-A0C007,F46,7V1074-707-A0,TMMK,C007,010B,CAMRY,,7V107,AA06,,,40.1,,,,,,
F467V1070-707-C4C007,F46,7V1070-707-C4,TMMK,C007,010B,CAMRY,D13,7V107,AA06,,,40.1,,,,,,
F46Service,F46,Service,0.01,,,,,,,,,40.1,,,,,,
F477V2070-707-C3C007,F47,7V2070-707-C3,TMMK,C007,010B,CAMRY,D13,7V207,AA06,,,33.7,,,,,,
F47Service,F47,Service,0.01,,,,,,,,,33.7,,,,,,
F477V2073-707C007,F47,7V2073-707,TMMK,C007,370B,AVALON,,,,,,32.01868538,,,,,,
F477V2077-707C007,F47,7V2077-707,TMMK,C007,370B,AVALON,,,,,,32.01868538,,,,,,
F487V1073-707C007,F48,7V1073-707,TMMK,C007,370B,AVALON,D13,7V107,AA06,,,63.39744386,,,,,,
F487V1077-707C007,F48,7V1077-707,TMMK,C007,370B,AVALON,D13,7V107,AA06,,,63.39744386,,,,,,
F487V2073-707C007,F48,7V2073-707,TMMK,C007,370B,AVALON,D13,7V207,AA06,,,63.39744386,,,,,,
F487V2077-707C007,F48,7V2077-707,TMMK,C007,370B,AVALON,D13,7V207,AA06,,,40.54,,,,,,
F487V1071-707-C1C007,F48,7V1071-707-C1,TMMK,C007,733B,AVALON,D13,7V107,AA06,,,40.54,,,,,,
F487V2071-707-C1C007,F48,7V2071-707-C1,TMMK,C007,733B,AVALON,D13,7V207,AA06,,,32.84,,,,,,
F487V1074-707-A1C007,F48,7V1074-707-A1,TMMK,C007,010B,CAMRY,D13,7V107,AA06,,,63.39744386,,,,,,
F487V2074-707-A3C007,F48,7V2074-707-A3,TMMK,C007,010B,CAMRY,D13,7V207,AA06,,,55.69744386,,,,,,
F487V2079-707-D1C007,F48,7V2079-707-D1,TMMK,C007,656B,CAMRY,D13,7V207,AA06,,,32.84,,,,,,
F487V1079-707-D1C007,F48,7V1079-707-D1,TMMK,C007,656B,CAMRY,D13,7V107,AA06,,,40.54,,,,,,
F487V1920-707U006,F48,7V1920-707,TMMC,U006,922B,LEXUS NX,,7V192,AA06,,,40.535,,,,,,
F487V2760-707U006,F48,7V2760-707,TMMC,U006,922B,LEXUS NX,,7V276,AA06,,,40.535,,,,,,
F487V1390-707-C3U006,F48,7V1390-707-C3,TMMC,U006,320B,RAV4,D13,7V139,S3A,,,40.54,,,,,,
F487V1390-707-C3C028,F48,7V1390-707-C3,TMMI,C028,550B,HIGHLANDER,D13,7V139,S3A,,,40.54,,,,,,
F48Service,F48,Service,0.01,,,,,,,,,63.39744386,,,,,,
F497V2070-707-C3U006,F49,7V2070-707-C3,TMMC,U006,320B,RAV4,D13,7V207,AA06,,,30.95321961,,,,,,
F497V2070-707-C3U092,F49,7V2070-707-C3,MTMUS,U092,890B,C-SUV,,7V207,AA06,,,30.95321961,,,,,,
F49Service,F49,Service,0.01,,,,,,,,,30.95321961,,,,,,
F607V2210-707C007,F60,7V2210-707,TMMK,C007,370B,AVALON,D14,7V221,S12A,7V2210-7080,,67.57514386,79.77047719,,,,,
F607V2214-707C007,F60,7V2214-707,TMMK,C007,370B,AVALON,D14,7V221,S12A,7V2210-7080,,67.57514386,79.77047719,,,,,
F607V1210-707C007,F60,7V1210-707,TMMK,C007,370B,AVALON,D14,7V121,S12A,7V1210-7080,,67.57514386,79.77047719,,,,,
F607V1214-707C007,F60,7V1214-707,TMMK,C007,370B,AVALON,D14,7V121,S12A,7V1210-7080,,67.57514386,79.77047719,,,,,
F607V2211-707C007,F60,7V2211-707,TMMK,C007,733B,AVALON,,7V221,S12A,7V2210-7080,,67.57514386,79.77047719,,,,,
F607V1211-707C007,F60,7V1211-707,TMMK,C007,733B,AVALON,,7V121,S12A,7V1210-7080,,67.57514386,79.77047719,,,,,
F607V1750-707C007,F60,7V1750-707,TMMK,C007,947B,LEXUS ES,D14PF,7V175,S12A,7V1750-7080,,76.92514386,77.74647719,,,,,
F607V1758-707C007,F60,7V1758-707,TMMK,C007,947B,LEXUS ES,D14PF,7V175,S12A,7V1750-7080,,76.92514386,77.74647719,,,,,
F607V2750-707C007,F60,7V2750-707,TMMK,C007,947B,LEXUS ES,D14PF,7V275,S12A,7V2750-7080,,76.92514386,77.74647719,,,,,
F607V2758-707C007,F60,7V2758-707,TMMK,C007,947B,LEXUS ES,D14PF,7V275,S12A,7V2750-7080,,76.92514386,77.74647719,,,,,
F60Service,F60,Service,,,,,,Servi,,,,67.57514386,79.77047719,,,,,
F337V2500-707C028,F33,7V2500-707,TMMI,C028,550B,HIGHLANDER,D14,7V250,S12A,7V2500-7080,,,85.57931034,81.72931034,89.97931034,,,
F337V2504-707C028,F33,7V2504-707,TMMI,C028,550B,HIGHLANDER,D14,7V250,S12A,7V2500-7080,,,85.57931034,81.72931034,89.97931034,,,
F337V2507-707C028,F33,7V2507-707,TMMI,C028,550B,HIGHLANDER,D14,7V250,S12A,7V2500-7080,,,85.57931034,81.72931034,89.97931034,,,
F337V1500-707C028,F33,7V1500-707,TMMI,C028,550B,HIGHLANDER,D14,7V150,S12A,7V1500-7080,,,85.57931034,81.72931034,89.97931034,,,
F337V1504-707C028,F33,7V1504-707,TMMI,C028,550B,HIGHLANDER,D14,7V150,S12A,7V1500-7080,,,85.57931034,81.72931034,89.97931034,,,
F337V1507-707C028,F33,7V1507-707,TMMI,C028,550B,HIGHLANDER,D14,7V150,S12A,7V1500-7080,,,85.57931034,81.72931034,89.97931034,,,
F33Service,F33,Service,,,,,,,,,,,85.57931034,81.72931034,89.97931034,,,
F137V2420-707U006,F13,7V2420-707,TMMC,U006,848B,RAV4,D14PF,7V242,,,,39,,,,,,
F137V2420-707C007,F13,7V2420-707,TMMK,C007,848B,RAV4,D14PF,7V242,,,,39,,,,,,
F13Service,F13,Service,,,,,,Servi,,,,39,,,,,,
F157V1420-707C007,F15,7V1420-707,TMMK,C007,848B,RAV4,D14PF,7V142,,,,39,,,,,,
F157V1420-707U006,F15,7V1420-707,TMMC,U006,848B,RAV4,D14PF,7V142,,,,39,,,,,,
F15Service,F15,Service,,,,,,Servi,,,,39,,,,,,
F157V2420-707C007,F15,7V2420-707,TMMK,C007,848B,RAV4,,7V242,,,,39,,,,,,
F167V2420-707U006,F16,7V2420-707,TMMC,U006,848B,RAV4,,7V242,S12A,7V2420-7080,,39,,,,,,
F167V1420-707U006,F16,7V1420-707,TMMC,U006,848B,RAV4,,7V142,S12A,7V1420-7080,,39,,,,,,
F16Service,F16,Service,,,,,,Servi,,,,39,,,,,,
F35A4074-138BU044,F35,A4074-138B,TMMTX,U044,480A,TUNDRA,D11APF,A4074,SA5,,,,85.06821278,79.56821278,94.96821278,,,
F35A4074-201BU044,F35,A4074-201B,TMMTX,U044,480A,TUNDRA,D11APF,A4074,SA5,,,,85.06821278,79.56821278,94.96821278,,,
F35A4074-457BU044,F35,A4074-457B,TMMTX,U044,480A,TUNDRA,D11APF,A4074,SA5,,,,85.06821278,79.56821278,94.96821278,,,
F35A4074-F2K4U044,F35,A4074-F2K4,TMMTX,U044,480A,TUNDRA,D11APF,A4074,SA5,,,,85.06821278,79.56821278,94.96821278,,,
F35A4075-138BU044,F35,A4075-138B,TMMTX,U044,480A,TUNDRA,D11APF,A4075,SA5,,,,85.06821278,79.56821278,94.96821278,,,
F35A4075-201BU044,F35,A4075-201B,TMMTX,U044,480A,TUNDRA,D11APF,A4075,SA5,,,,85.06821278,79.56821278,94.96821278,,,
F35A4075-457BU044,F35,A4075-457B,TMMTX,U044,480A,TUNDRA,D11APF,A4075,SA5,,,,85.06821278,79.56821278,94.96821278,,,
F35A4075-F2K4U044,F35,A4075-F2K4,TMMTX,U044,480A,TUNDRA,D11APF,A4075,SA5,,,,85.06821278,79.56821278,94.96821278,,,
F357V1127-707C028,F35,7V1127-707,TMMI M,C028,291B,SEQUOIA,D11PF,7V112,SA5,,,,99.60260491,99.60260491,101.8026049,,,
F357V1120-707C028,F35,7V1120-707,TMMI M,C028,291B,SEQUOIA,D11PF,7V112,SA5,,,,99.60260491,99.60260491,101.8026049,,,
F357V1124-707C028,F35,7V1124-707,TMMI M,C028,291B,SEQUOIA,D11PF,7V112,SA5,,,,99.60260491,99.60260491,101.8026049,,,
F357V2127-707C028,F35,7V2127-707,TMMI M,C028,291B,SEQUOIA,D11PF,7V212,SA5,,,,99.60260491,99.60260491,101.8026049,,,
F357V2120-707C028,F35,7V2120-707,TMMI M,C028,291B,SEQUOIA,D11PF,7V212,SA5,,,,99.60260491,99.60260491,101.8026049,,,
F357V2124-707C028,F35,7V2124-707,TMMI M,C028,291B,SEQUOIA,D11PF,7V212,SA5,,,,99.60260491,99.60260491,101.8026049,,,
F35Service,F35,Service,,,,,,,,,,,99.60260491,99.60260491,101.8026049,,,
F207M5057-707U044,F20,7M5057-707,TMMTX,U044,480A,TUNDRA C,D10,7M505,,,,,63.91,66,,,,
F207M5050-707U044,F20,7M5050-707,TMMTX,U044,480A,TUNDRA C,D10,7M505,,,,,63.91,66,,,,
F207M5054-707U044,F20,7M5054-707,TMMTX,U044,480A,TUNDRA C,D10,7M505,,,,,63.91,66,,,,
F207V1147-707C028,F20,7V1147-707,TMMI M,C028,291B,SEQUOIA,D10,7V114,,,,,71.91,83.61,,,,
F207V1140-707C028,F20,7V1140-707,TMMI M,C028,291B,SEQUOIA,D10,7V114,,,,,71.91,83.61,,,,
F207V1144-707C028,F20,7V1144-707,TMMI M,C028,291B,SEQUOIA,D10,7V114,,,,,71.91,83.61,,,,
F207V2147-707C028,F20,7V2147-707,TMMI M,C028,291B,SEQUOIA,D10,7V214,,,,,71.91,83.61,,,,
F207V2140-707C028,F20,7V2140-707,TMMI M,C028,291B,SEQUOIA,D10,7V214,,,,,71.91,83.61,,,,
F207V2144-707C028,F20,7V2144-707,TMMI M,C028,291B,SEQUOIA,D10,7V214,,,,,71.91,83.61,,,,
F207V1157-707C028,F20,7V1157-707,TMMI M,C028,291B,SEQUOIA,D10,7V115,,,,,79.90333333,83.115,,,,
F207V1150-707C028,F20,7V1150-707,TMMI M,C028,291B,SEQUOIA,D10,7V115,,,,,79.90333333,83.115,,,,
F207V1154-707C028,F20,7V1154-707,TMMI M,C028,291B,SEQUOIA,D10,7V115,,,,,79.90333333,83.115,,,,
F207V2167-707C028,F20,7V2167-707,TMMI M,C028,291B,SEQUOIA,D10,7V216,,,,,71.91,83.61,,,,
F207V2160-707C028,F20,7V2160-707,TMMI M,C028,291B,SEQUOIA,D10,7V216,,,,,71.91,83.61,,,,
F207V2164-707C028,F20,7V2164-707,TMMI M,C028,291B,SEQUOIA,D10,7V216,,,,,71.91,83.61,,,,
F207V2157-707C028,F20,7V2157-707,TMMI M,C028,291B,SEQUOIA,D10,7V215,,,,,71.91,83.61,,,,
F207V2150-707C028,F20,7V2150-707,TMMI M,C028,291B,SEQUOIA,D10,7V215,,,,,71.91,83.61,,,,
F207V2154-707C028,F20,7V2154-707,TMMI M,C028,291B,SEQUOIA,D10,7V215,,,,,71.91,83.61,,,,
F20Service,F20,Service,,,,,,,,,,,79.90333333,83.61,,,,
F257M5257-707U003,F25,7M5257-707,LEAR,U003,GM G VAN,GMT 080A,D10,7M525,,,,,55.36666667,57.75,,,,
F257V1107-707U044,F25,7V1107-707,TMMTX,U044,480A,TUNDRA,D10,7V110,,,,,71.83,76.34,,,,
F257V1100-707U044,F25,7V1100-707,TMMTX,U044,480A,TUNDRA,D10,7V110,,,,,71.83,76.34,,,,
F257V1104-707U044,F25,7V1104-707,TMMTX,U044,480A,TUNDRA,D10,7V110,,,,,71.83,76.34,,,,
F257V1117-707U044,F25,7V1117-707,TMMTX,U044,480A,TUNDRA D,D10,7V111,,,,,71.83,76.34,,,,
F257V1110-707U044,F25,7V1110-707,TMMTX,U044,480A,TUNDRA D,D10,7V111,,,,,71.83,76.34,,,,
F257V1114-707U044,F25,7V1114-707,TMMTX,U044,480A,TUNDRA D,D10,7V111,,,,,71.83,76.34,,,,
F257V1113-707U044,F25,7V1113-707,TMMTX,U044,480A,TUNDRA D,D10,7V111,,,,,71.83,76.34,,,,
F257V2117-707U044,F25,7V2117-707,TMMTX,U044,480A,TUNDRA,D10,7V211,,,,,71.83,76.34,,,,
F257V2110-707U044,F25,7V2110-707,TMMTX,U044,480A,TUNDRA,D10,7V211,,,,,71.83,76.34,,,,
F257V2114-707U044,F25,7V2114-707,TMMTX,U044,480A,TUNDRA,D10,7V211,,,,,71.83,76.34,,,,
F257V2113-707U044,F25,7V2113-707,TMMTX,U044,480A,TUNDRA,D10,7V211,,,,,71.83,76.34,,,,
F25Service,F25,Service,,,,,,,,,,,71.83,76.34,,,,
F06A1557-202BU006,F06,A1557-202B,TMMC,U006,964A,RAV4,,A1557,,,,,127.2960518,126.1960518,128.3960518,,,
F067M5227-707C028,F06,7M5227-707,TMMI M,C028,291B,SEQUOIA,D6,7M522,,,,,123.9960518,122.8960518,123.9960518,,,
F067M5220-707C028,F06,7M5220-707,TMMI M,C028,291B,SEQUOIA,D6,7M522,,,,,123.9960518,122.8960518,123.9960518,,,
F067M5224-707C028,F06,7M5224-707,TMMI M,C028,291B,SEQUOIA,D6,7M522,,,,,123.9960518,122.8960518,123.9960518,,,
F06Service,F06,Service,,,,,,,,,,,123.9960518,129.4960518,130.5960518,,,
F51A1526-201BU014,F51,A1526-201B,TMMC,U014,760A,LEXUS RX,D12,A1526,,,,,92.31712142,94.24138809,98.20358809,,,
F517M5290-707C029,F51,7M5290-707,ATS,C029,550B,HIGHLANDER,D12,7M529,,,,,87.47712142,93.33608809,91.71358809,,,
F517M5294-707C029,F51,7M5294-707,ATS,C029,550B,HIGHLANDER,D12,7M529,,,,,87.47712142,93.33608809,91.71358809,,,
F517M5297-707C029,F51,7M5297-707,ATS,C029,550B,HIGHLANDER,D12,7M529,,,,,87.47712142,93.33608809,91.71358809,,,
F517M5300-707C029,F51,7M5300-707,ATS,C029,550B,HIGHLANDER,D12,7M530,,,,,87.47712142,93.33608809,91.71358809,,,
F517M5304-707C029,F51,7M5304-707,ATS,C029,550B,HIGHLANDER,D12,7M530,,,,,87.47712142,93.33608809,91.71358809,,,
F517M5307-707C029,F51,7M5307-707,ATS,C029,550B,HIGHLANDER,D12,7M530,,,,,87.47712142,93.33608809,91.71358809,,,
F517M5290-707C033,F51,7M5290-707,TISA,C033,550B,HIGHLANDER,D12,7M529,,,,,87.47712142,93.33608809,91.71358809,,,
F517M5294-707C033,F51,7M5294-707,TISA,C033,550B,HIGHLANDER,D12,7M529,,,,,87.47712142,93.33608809,91.71358809,,,
F517M5297-707C033,F51,7M5297-707,TISA,C033,550B,HIGHLANDER,D12,7M529,,,,,87.47712142,93.33608809,91.71358809,,,
F517M5320-707C028,F51,7M5320-707,TMMI,C028,550B,HIGHLANDER,D12,7M532,,,,,115.3819214,114.0710881,118.2675881,,,
F517M5324-707C028,F51,7M5324-707,TMMI,C028,550B,HIGHLANDER,D12,7M532,,,,,115.3819214,114.0710881,118.2675881,,,
F517M5327-707C028,F51,7M5327-707,TMMI,C028,550B,HIGHLANDER,D12,7M532,,,,,115.3819214,114.0710881,118.2675881,,,
F517V2497-707C028,F51,7V2497-707,TMMI,C028,550B,HIGHLANDER,D12,7V249,,,,,115.3819214,114.0710881,118.2675881,,,
F517M5120-707C007,F51,7M5120-707,TMMK,C007,370B,AVALON,D12,7M512,,,,,70.97858809,75.51608809,87.20358809,,,
F517M5121-707C007,F51,7M5121-707,TMMK,C007,948B,AVALON,D12,7M512,,,,,70.97858809,75.51608809,87.20358809,,,
F517M5124-707C007,F51,7M5124-707,TMMK,C007,370B,AVALON,D12,7M512,,,,,70.97858809,75.51608809,87.20358809,,,
F517M5390-707C007,F51,7M5390-707,TMMK,C007,947B,LEXUS ES,D12,7M539,,,,,90.04525475,85.91108809,102.6035881,,,
F517M5398-707C007,F51,7M5398-707,TMMK,C007,947B,LEXUS ES,D12,7M539,,,,,90.04525475,85.91108809,102.6035881,,,
F51Service,F51,Service,,,,,,,,,,,115.3819214,114.0710881,118.2675881,,,
F527M5240-707U013,F52,7M5240-707,TBCA RAV4,U013,320B,RAV4,D12,7M524,,,,,70.213,74.7945,92.4,,,
F527M5240-707C043,F52,7M5240-707,Adient Kentucky,C043,981B,RAV4,D12,7M524,,,,,70.213,74.7945,92.4,,,
F52Service,F52,Service,,,,,,,,,,,70.213,74.7945,92.4,,,
F547M5090-707C017,F54,7M5090-707,Subaru Tribeca,C017,TR8,SUBARU TRIBECA,SIR,7M509,,,,,102.4099622,109.2537956,106.8062956,,,
F547M5094-707C017,F54,7M5094-707,Subaru Tribeca,C017,TR8,SUBARU TRIBECA,SIR,7M509,,,,,102.4099622,109.2537956,106.8062956,,,
F547M5370-707C017,F54,7M5370-707,Subaru Tribeca,C017,TR8,SUBARU TRIBECA,D12,7M537,,,,,102.9086289,109.2537956,107.8109622,,,
F547V1650-707C017,F54,7V1650-707,Subaru Tribeca,C017,TR8,SUBARU TRIBECA,D12,7V165,,,,,103.9206289,109.2537956,106.8062956,,,
F547V2650-707C017,F54,7V2650-707,Subaru Tribeca,C017,TR8,SUBARU TRIBECA,D12,7V265,,,,,103.9206289,109.2537956,106.8062956,,,
F547V1630-707C017,F54,7V1630-707,Subaru Tribeca,C017,TP1,SUBARU TRIBECA,D9CPF,7V163,SA5,7V1170-708,,,117.2599622,120.8037956,123.2549622,,,
F547V2630-707C017,F54,7V2630-707,Subaru Tribeca,C017,TP1,SUBARU TRIBECA,D9CPF,7V263,SA5,7V2170-708,,,117.2599622,120.8037956,123.2549622,,,
F54Service,F54,Service,,,,,,,,,,,117.2599622,120.8037956,123.2549622,,,
F557V1520-707C028,F55,7V1520-707,TMMI,C028,550B,HIGHLANDER,D12,7V152,,,,42.08443882,,,,,,
F557V1524-707C028,F55,7V1524-707,TMMI,C028,550B,HIGHLANDER,D12,7V152,,,,42.08443882,,,,,,
F557V1527-707C028,F55,7V1527-707,TMMI,C028,550B,HIGHLANDER,D12,7V152,,,,42.08443882,,,,,,
F557V2527-707C028,F55,7V2527-707,TMMI,C028,550B,HIGHLANDER,D12,7V252,,,,42.08443882,,,,,,
F557V2494-707C028,F55,7V2494-707,TMMI,C028,550B,HIGHLANDER,D12,7V249,,,,42.08443882,,,,,,
F557V1494-707C028,F55,7V1494-707,TMMI,C028,550B,HIGHLANDER,D12,7V149,,,,42.08443882,,,,,,
F557V1497-707C028,F55,7V1497-707,TMMI,C028,550B,HIGHLANDER,D12,7V149,,,,42.08443882,,,,,,
F557V1510-707C028,F55,7V1510-707,TMMI,C028,550B,HIGHLANDER,D12,7V151,,,,42.08443882,,,,,,
F557V1514-707C028,F55,7V1514-707,TMMI,C028,550B,HIGHLANDER,D12,7V151,,,,42.08443882,,,,,,
F557V1517-707C028,F55,7V1517-707,TMMI,C028,550B,HIGHLANDER,D12,7V151,,,,42.08443882,,,,,,
F557V2510-707C028,F55,7V2510-707,TMMI,C028,550B,HIGHLANDER,D12,7V251,,,,42.08443882,,,,,,
F557V2514-707C028,F55,7V2514-707,TMMI,C028,550B,HIGHLANDER,D12,7V251,,,,42.08443882,,,,,,
F557V2517-707C028,F55,7V2517-707,TMMI,C028,550B,HIGHLANDER,D12,7V251,,,,42.08443882,,,,,,
F557V1530-707C028,F55,7V1530-707,TMMI,C028,550B,HIGHLANDER,D12,7V153,,,,42.08443882,,,,,,
F557V1534-707C028,F55,7V1534-707,TMMI,C028,550B,HIGHLANDER,D12,7V153,,,,42.08443882,,,,,,
F557V1537-707C028,F55,7V1537-707,TMMI,C028,550B,HIGHLANDER,D12,7V153,,,,42.08443882,,,,,,
F557V2530-707C028,F55,7V2530-707,TMMI,C028,550B,HIGHLANDER,D12,7V253,,,,42.08443882,,,,,,
F557V2534-707C028,F55,7V2534-707,TMMI,C028,550B,HIGHLANDER,D12,7V253,,,,42.08443882,,,,,,
F557V2537-707C028,F55,7V2537-707,TMMI,C028,550B,HIGHLANDER,D12,7V253,,,,42.08443882,,,,,,
F55Service,F55,Service,,,,,,,,,,42.08443882,,,,,,
F567V1490-707C028,F56,7V1490-707,TMMI,C028,550B,HIGHLANDER,D12,7V149,,,,41.63788312,,,,,,
F567V2490-707C028,F56,7V2490-707,TMMI,C028,550B,HIGHLANDER,D12,7V249,,,,41.63788312,,,,,,
F567V2494-707C028,F56,7V2494-707,TMMI,C028,550B,HIGHLANDER,D12,7V249,,,,41.63788312,,,,,,
F567V2497-707C028,F56,7V2497-707,TMMI,C028,550B,HIGHLANDER,D12,7V249,,,,41.63788312,,,,,,
F567V2780-707C028,F56,7V2780-707,TMMI,C028,096D,HIGHLANDER,D9CPF,7V278,,,,44.93788312,,,,,,
F567V2784-707C028,F56,7V2784-707,TMMI,C028,096D,HIGHLANDER,D9CPF,7V278,,,,44.93788312,,,,,,
F567V2787-707C028,F56,7V2787-707,TMMI,C028,096D,HIGHLANDER,D9CPF,7V278,,,,44.93788312,,,,,,
F567V1510-707C028,F56,7V1510-707,TMMI,C028,550B,HIGHLANDER,D12,7V151,,,,44.93788312,,,,,,
F567V1514-707C028,F56,7V1514-707,TMMI,C028,550B,HIGHLANDER,D12,7V151,,,,41.63788312,,,,,,
F567V1517-707C028,F56,7V1517-707,TMMI,C028,550B,HIGHLANDER,D12,7V151,,,,41.63788312,,,,,,
F567V2510-707C028,F56,7V2510-707,TMMI,C028,550B,HIGHLANDER,D12,7V251,,,,44.93788312,,,,,,
F567V2514-707C028,F56,7V2514-707,TMMI,C028,550B,HIGHLANDER,D12,7V251,,,,44.93788312,,,,,,
F567V2517-707C028,F56,7V2517-707,TMMI,C028,550B,HIGHLANDER,D12,7V251,,,,44.93788312,,,,,,
F56Service,F56,Service,,,,,,,,,,44.93788312,,,,,,
F577V1494-707C028,F57,7V1494-707,TMMI,C028,550B,HIGHLANDER,D12,7V149,,,,43.34030625,,,,,,
F577V1497-707C028,F57,7V1497-707,TMMI,C028,550B,HIGHLANDER,D12,7V149,,,,43.34030625,,,,,,
F577V1510-707C028,F57,7V1510-707,TMMI,C028,550B,HIGHLANDER,D12,7V151,,,,43.34030625,,,,,,
F577V1514-707C028,F57,7V1514-707,TMMI,C028,550B,HIGHLANDER,D12,7V151,,,,43.34030625,,,,,,
F577V1517-707C028,F57,7V1517-707,TMMI,C028,550B,HIGHLANDER,D12,7V151,,,,43.34030625,,,,,,
F577V1530-707C028,F57,7V1530-707,TMMI,C028,550B,HIGHLANDER,D12,7V153,,,,43.34030625,,,,,,
F577V1534-707C028,F57,7V1534-707,TMMI,C028,550B,HIGHLANDER,D12,7V153,,,,43.34030625,,,,,,
F577V1537-707C028,F57,7V1537-707,TMMI,C028,550B,HIGHLANDER,D12,7V153,,,,43.34030625,,,,,,
F577V2510-707C028,F57,7V2510-707,TMMI,C028,550B,HIGHLANDER,D12,7V251,,,,43.34030625,,,,,,
F577V2514-707C028,F57,7V2514-707,TMMI,C028,550B,HIGHLANDER,D12,7V251,,,,43.34030625,,,,,,
F577V2517-707C028,F57,7V2517-707,TMMI,C028,550B,HIGHLANDER,D12,7V251,,,,43.34030625,,,,,,
F577V2520-707C028,F57,7V2520-707,TMMI,C028,550B,HIGHLANDER,D12,7V252,,,,43.34030625,,,,,,
F577V2524-707C028,F57,7V2524-707,TMMI,C028,550B,HIGHLANDER,D12,7V252,,,,43.34030625,,,,,,
F577V2530-707C028,F57,7V2530-707,TMMI,C028,550B,HIGHLANDER,D12,7V253,,,,43.34030625,,,,,,
F577V2534-707C028,F57,7V2534-707,TMMI,C028,550B,HIGHLANDER,D12,7V253,,,,43.34030625,,,,,,
F577V2537-707C028,F57,7V2537-707,TMMI,C028,550B,HIGHLANDER,D12,7V253,,,,43.34030625,,,,,,
F577V1780-707C028,F57,7V1780-707,TMMI,C028,096D,HIGHLANDER,D9CPF,7V178,,,,46.64030625,,,,,,
F577V1784-707C028,F57,7V1784-707,TMMI,C028,096D,HIGHLANDER,D9CPF,7V178,,,,46.64030625,,,,,,
F577V1787-707C028,F57,7V1787-707,TMMI,C028,096D,HIGHLANDER,D9CPF,7V178,,,,46.64030625,,,,,,
F57Service,F57,Service,,,,,,,,,,46.64030625,,,,,,
F587M5330-707C028,F58,7M5330-707,TMMI Taiwan/FMVSS,C028,500B,SIENNA,D12,7M533,,,,,86.30090724,91.67807391,92.42057391,,,
F587M5334-707C028,F58,7M5334-707,TMMI Taiwan/FMVSS,C028,500B,SIENNA,D12,7M533,,,,,86.30090724,91.67807391,92.42057391,,,
F587M5337-707C028,F58,7M5337-707,TMMI Taiwan/FMVSS,C028,500B,SIENNA,D12,7M533,,,,,86.30090724,91.67807391,92.42057391,,,
F587M5344-707C028,F58,7M5344-707,TMMI Taiwan,C028,500B,SIENNA,D12,7M534,,,,,79.68033333,85.0575,85.8,,,
F587M5347-707C028,F58,7M5347-707,TMMI Taiwan,C028,500B,SIENNA,D12,7M534,,,,,79.68033333,85.0575,85.8,,,
F587V1610-707C028,F58,7V1610-707,TMMI Taiwan/FMVSS,C028,500B,SIENNA,D12,7V161,,,,,96.61673268,123.706066,115.4047327,,,
F587V1614-707C028,F58,7V1614-707,TMMI Taiwan/FMVSS,C028,500B,SIENNA,D12,7V161,,,,,96.61673268,123.706066,115.4047327,,,
F587V1616-707C028,F58,7V1616-707,TMMI Taiwan/FMVSS,C028,500B,SIENNA,D12,7V161,,,,,96.61673268,123.706066,115.4047327,,,
F587V1617-707C028,F58,7V1617-707,TMMI Taiwan/FMVSS,C028,500B,SIENNA,D12,7V161,,,,,96.61673268,123.706066,115.4047327,,,
F587V1624-707C028,F58,7V1624-707,TMMI Taiwan,C028,500B,SIENNA,D12,7V162,,,,,96.61673268,123.706066,115.4047327,,,
F587V1626-707C028,F58,7V1626-707,TMMI Taiwan,C028,500B,SIENNA,D12,7V162,,,,,96.61673268,123.706066,115.4047327,,,
F587V1627-707C028,F58,7V1627-707,TMMI Taiwan,C028,500B,SIENNA,D12,7V162,,,,,96.61673268,123.706066,115.4047327,,,
F587V2610-707C028,F58,7V2610-707,TMMI Taiwan/FMVSS,C028,500B,SIENNA,D12,7V261,,,,,96.61673268,123.706066,115.4047327,,,
F587V2614-707C028,F58,7V2614-707,TMMI Taiwan/FMVSS,C028,500B,SIENNA,D12,7V261,,,,,96.61673268,123.706066,115.4047327,,,
F587V2616-707C028,F58,7V2616-707,TMMI Taiwan/FMVSS,C028,500B,SIENNA,D12,7V261,,,,,96.61673268,123.706066,115.4047327,,,
F587V2617-707C028,F58,7V2617-707,TMMI Taiwan/FMVSS,C028,500B,SIENNA,D12,7V261,,,,,96.61673268,123.706066,115.4047327,,,
F587V2624-707C028,F58,7V2624-707,TMMI Taiwan,C028,500B,SIENNA,D12,7V262,,,,,96.61673268,123.706066,115.4047327,,,
F587V2626-707C028,F58,7V2626-707,TMMI Taiwan,C028,500B,SIENNA,D12,7V262,,,,,96.61673268,123.706066,115.4047327,,,
F587V2627-707C028,F58,7V2627-707,TMMI Taiwan,C028,500B,SIENNA,D12,7V262,,,,,96.61673268,123.706066,115.4047327,,,
F58Service,F58,Service,,,,,,,,,,,96.61673268,123.706066,115.4047327,,,
F077M5040-707U066,F07,7M5040-707,JCI Avanzar (TMMTX),U066,480A,"TUNDRA B, C & D",SIR,7M504,,,,,85.11111111,95.66666667,117.3333333,,,
F077M5067-707U066,F07,7M5067-707,JCI Avanzar (TMMTX),U066,480A,"TUNDRA B, C & D",SIR,7M506,,,,,110,112.3333333,121.7777778,,,
F077M5060-707U066,F07,7M5060-707,JCI Avanzar (TMMTX),U066,480A,"TUNDRA B, C & D",SIR,7M506,,,,,110,112.3333333,121.7777778,,,
F077M5064-707U066,F07,7M5064-707,JCI Avanzar (TMMTX),U066,480A,"TUNDRA B, C & D",SIR,7M506,,,,,110,112.3333333,121.7777778,,,
F077M5077-707C029,F07,7M5077-707,ATS (TRIM LAW)  (TMMI M),C029,291B,SEQUOIA,D6,7M507,,,,,142.6666667,152.3333333,147.5555556,,,
F077M5074-707C029,F07,7M5074-707,ATS (TRIM LAW)  (TMMI M),C029,291B,SEQUOIA,D6,7M507,,,,,142.6666667,152.3333333,147.5555556,,,
F07Service,F07,Service,,,Service,,,,,,,,142.6666667,152.3333333,147.5555556,,,
C10A0136C029,C10,A0136,ATS,C029,128B,HIGHLANDER,C10,A0136,,,,8,,,,,,
C107V2497-701C029,C10,7V2497-701,ATS,C029,550B,HIGHLANDER,B15,7V249,,,,8,,,,,,
C107V2490-701C029,C10,7V2490-701,ATS,C029,550B,HIGHLANDER,B15,7V249,,,,8,,,,,,
C107V2494-701C029,C10,7V2494-701,ATS,C029,550B,HIGHLANDER,B15,7V249,,,,8,,,,,,
C107V2517-701C029,C10,7V2517-701,ATS,C029,550B,HIGHLANDER,B15,7V251,,,,8,,,,,,
C107V2510-701C029,C10,7V2510-701,ATS,C029,550B,HIGHLANDER,B15,7V251,,,,8,,,,,,
C107V2514-701C029,C10,7V2514-701,ATS,C029,550B,HIGHLANDER,B15,7V251,,,,8,,,,,,
C107V2500-701C029,C10,7V2500-701,ATS,C029,550B,HIGHLANDER,B15,7V250,,,,8,,,,,,
C107V2504-701C029,C10,7V2504-701,ATS,C029,550B,HIGHLANDER,B15,7V250,,,,8,,,,,,
C107V2507-701C029,C10,7V2507-701,ATS,C029,550B,HIGHLANDER,B15,7V250,,,,8,,,,,,
C107M5297-701C029,C10,7M5297-701,ATS,C029,550B,HIGHLANDER,B15,7M529,,,,8,,,,,,
C107M5290-701C029,C10,7M5290-701,ATS,C029,550B,HIGHLANDER,B15,7M529,,,,8,,,,,,
C107M5294-701C029,C10,7M5294-701,ATS,C029,550B,HIGHLANDER,B15,7M529,,,,8,,,,,,
C107M5317-701C029,C10,7M5317-701,ATS,C029,550B,HIGHLANDER,B15,7M531,,,,8,,,,,,
C107M5310-701C029,C10,7M5310-701,ATS,C029,550B,HIGHLANDER,B15,7M531,,,,8,,,,,,
C107M5314-701C029,C10,7M5314-701,ATS,C029,550B,HIGHLANDER,B15,7M531,,,,8,,,,,,
C107M5307-701C029,C10,7M5307-701,ATS,C029,550B,HIGHLANDER,B15,7M530,,,,8,,,,,,
C107M5300-701C029,C10,7M5300-701,ATS,C029,550B,HIGHLANDER,B15,7M530,,,,8,,,,,,
C107M5304-701C029,C10,7M5304-701,ATS,C029,550B,HIGHLANDER,B15,7M530,,,,8,,,,,,
C107V1497-701C029,C10,7V1497-701,ATS,C029,550B,HIGHLANDER,B15,7V149,,,,8.675,,,,,,
C107V1490-701C029,C10,7V1490-701,ATS,C029,550B,HIGHLANDER,B15,7V149,,,,8.675,,,,,,
C107V1494-701C029,C10,7V1494-701,ATS,C029,550B,HIGHLANDER,B15,7V149,,,,8.675,,,,,,
C107V1517-701C029,C10,7V1517-701,ATS,C029,550B,HIGHLANDER,B15,7V151,,,,8,,,,,,
C107V1510-701C029,C10,7V1510-701,ATS,C029,550B,HIGHLANDER,B15,7V151,,,,8,,,,,,
C107V1514-701C029,C10,7V1514-701,ATS,C029,550B,HIGHLANDER,B15,7V151,,,,8,,,,,,
C107V1507-701C029,C10,7V1507-701,ATS,C029,550B,HIGHLANDER,B15,7V150,,,,8,,,,,,
C107V1500-701C029,C10,7V1500-701,ATS,C029,550B,HIGHLANDER,B15,7V150,,,,8,,,,,,
C107V1504-701C029,C10,7V1504-701,ATS,C029,550B,HIGHLANDER,B15,7V150,,,,8,,,,,,
C107V2524-701C029,C10,7V2524-701,ATS,C029,550B,HIGHLANDER,B15,7V252,,,,8,,,,,,
C107V2527-701C029,C10,7V2527-701,ATS,C029,550B,HIGHLANDER,B15,7V252,,,,8,,,,,,
C107V2520-701C029,C10,7V2520-701,ATS,C029,550B,HIGHLANDER,B15,7V252,,,,8,,,,,,
C107V2537-701C029,C10,7V2537-701,ATS,C029,550B,HIGHLANDER,B15,7V253,,,,8,,,,,,
C107V2550-701C029,C10,7V2550-701,ATS,C029,550B,HIGHLANDER,B15,7V255,,,,8,,,,,,
C107V2554-701C029,C10,7V2554-701,ATS,C029,550B,HIGHLANDER,B15,7V255,,,,8,,,,,,
C107V2557-701C029,C10,7V2557-701,ATS,C029,550B,HIGHLANDER,B15,7V255,,,,8,,,,,,
C107V2530-701C029,C10,7V2530-701,ATS,C029,550B,HIGHLANDER,B15,7V253,,,,8,,,,,,
C107V2534-701C029,C10,7V2534-701,ATS,C029,550B,HIGHLANDER,B15,7V253,,,,8,,,,,,
C107V2547-701C029,C10,7V2547-701,ATS,C029,550B,HIGHLANDER,B15,7V254,,,,8,,,,,,
C107V2540-701C029,C10,7V2540-701,ATS,C029,550B,HIGHLANDER,B15,7V254,,,,8,,,,,,
C107V2544-701C029,C10,7V2544-701,ATS,C029,550B,HIGHLANDER,B15,7V254,,,,8,,,,,,
C107M5324-701C029,C10,7M5324-701,ATS,C029,550B,HIGHLANDER,B15,7M532,,,,8,,,,,,
C107M5327-701C029,C10,7M5327-701,ATS,C029,550B,HIGHLANDER,B15,7M532,,,,8,,,,,,
C107M5320-701C029,C10,7M5320-701,ATS,C029,550B,HIGHLANDER,B15,7M532,,,,8,,,,,,
C107M9144-701C029,C10,7M9144-701,ATS,C029,550B,HIGHLANDER,B15,7M914,,,,8.675,,,,,,
C107M9147-701C029,C10,7M9147-701,ATS,C029,550B,HIGHLANDER,B15,7M914,,,,8.675,,,,,,
C107M9140-701C029,C10,7M9140-701,ATS,C029,550B,HIGHLANDER,B15,7M914,,,,8.675,,,,,,
C107V1537-701C029,C10,7V1537-701,ATS,C029,550B,HIGHLANDER,B15,7V153,,,,8,,,,,,
C107V1530-701C029,C10,7V1530-701,ATS,C029,550B,HIGHLANDER,B15,7V153,,,,8,,,,,,
C107V1534-701C029,C10,7V1534-701,ATS,C029,550B,HIGHLANDER,B15,7V153,,,,8,,,,,,
C107V1547-701C029,C10,7V1547-701,ATS,C029,550B,HIGHLANDER,B15,7V154,,,,8,,,,,,
C107V1540-701C029,C10,7V1540-701,ATS,C029,550B,HIGHLANDER,B15,7V154,,,,8,,,,,,
C107V1544-701C029,C10,7V1544-701,ATS,C029,550B,HIGHLANDER,B15,7V154,,,,8,,,,,,
C107V1557-701C029,C10,7V1557-701,ATS,C029,550B,HIGHLANDER,B15,7V155,,,,8,,,,,,
C107V1550-701C029,C10,7V1550-701,ATS,C029,550B,HIGHLANDER,B15,7V155,,,,8,,,,,,
C107V1554-701C029,C10,7V1554-701,ATS,C029,550B,HIGHLANDER,B15,7V155,,,,8,,,,,,
C10730428-067C007,C10,730428-067,TMMK,C007,241B,LEXUS,Misc,73042,,,,6.888888889,,,,,,
C10A0136C033,C10,A0136,TISA,C033,128B,HIGHLANDER,C10,A0136,,,,8,,,,,,
C107V2497-701C033,C10,7V2497-701,TISA,C033,550B,HIGHLANDER,B15,7V249,,,,8,,,,,,
C107V2490-701C033,C10,7V2490-701,TISA,C033,550B,HIGHLANDER,B15,7V249,,,,8,,,,,,
C107V2494-701C033,C10,7V2494-701,TISA,C033,550B,HIGHLANDER,B15,7V249,,,,8,,,,,,
C107V2517-701C033,C10,7V2517-701,TISA,C033,550B,HIGHLANDER,,7V251,,,,8,,,,,,
C107V2510-701C033,C10,7V2510-701,TISA,C033,550B,HIGHLANDER,,7V251,,,,8,,,,,,
C107V2514-701C033,C10,7V2514-701,TISA,C033,550B,HIGHLANDER,,7V251,,,,8,,,,,,
C107V2507-701C033,C10,7V2507-701,TISA,C033,550B,HIGHLANDER,,7V250,,,,8,,,,,,
C107V2500-701C033,C10,7V2500-701,TISA,C033,550B,HIGHLANDER,,7V250,,,,8,,,,,,
C107V2504-701C033,C10,7V2504-701,TISA,C033,550B,HIGHLANDER,,7V250,,,,8,,,,,,
C107M5297-701C033,C10,7M5297-701,TISA,C033,550B,HIGHLANDER,B15,7M529,,,,8,,,,,,
C107M5290-701C033,C10,7M5290-701,TISA,C033,550B,HIGHLANDER,B15,7M529,,,,8,,,,,,
C107M5294-701C033,C10,7M5294-701,TISA,C033,550B,HIGHLANDER,B15,7M529,,,,8,,,,,,
C107M5317-701C033,C10,7M5317-701,TISA,C033,550B,HIGHLANDER,,7M531,,,,8,,,,,,
C107M5310-701C033,C10,7M5310-701,TISA,C033,550B,HIGHLANDER,,7M531,,,,8,,,,,,
C107M5314-701C033,C10,7M5314-701,TISA,C033,550B,HIGHLANDER,,7M531,,,,8,,,,,,
C107M5307-701C033,C10,7M5307-701,TISA,C033,550B,HIGHLANDER,,7M530,,,,8,,,,,,
C107M5300-701C033,C10,7M5300-701,TISA,C033,550B,HIGHLANDER,,7M530,,,,8,,,,,,
C107M5304-701C033,C10,7M5304-701,TISA,C033,550B,HIGHLANDER,,7M530,,,,8,,,,,,
C107V1497-701C033,C10,7V1497-701,TISA,C033,550B,HIGHLANDER,B15,7V149,,,,8.675,,,,,,
C107V1490-701C033,C10,7V1490-701,TISA,C033,550B,HIGHLANDER,B15,7V149,,,,8.675,,,,,,
C107V1494-701C033,C10,7V1494-701,TISA,C033,550B,HIGHLANDER,B15,7V149,,,,8.675,,,,,,
C107V1517-701C033,C10,7V1517-701,TISA,C033,550B,HIGHLANDER,,7V151,,,,8,,,,,,
C107V1510-701C033,C10,7V1510-701,TISA,C033,550B,HIGHLANDER,,7V151,,,,8,,,,,,
C107V1514-701C033,C10,7V1514-701,TISA,C033,550B,HIGHLANDER,,7V151,,,,8,,,,,,
C107V1507-701C033,C10,7V1507-701,TISA,C033,550B,HIGHLANDER,,7V150,,,,8,,,,,,
C107V1500-701C033,C10,7V1500-701,TISA,C033,550B,HIGHLANDER,,7V150,,,,8,,,,,,
C107V1504-701C033,C10,7V1504-701,TISA,C033,550B,HIGHLANDER,,7V150,,,,8,,,,,,
C107V2527-701C033,C10,7V2527-701,TISA,C033,550B,HIGHLANDER,B15,7V252,,,,8,,,,,,
C107V2520-701C033,C10,7V2520-701,TISA,C033,550B,HIGHLANDER,B15,7V252,,,,8,,,,,,
C107V2524-701C033,C10,7V2524-701,TISA,C033,550B,HIGHLANDER,B15,7V252,,,,8,,,,,,
C107V2537-701C033,C10,7V2537-701,TISA,C033,550B,HIGHLANDER,,7V253,,,,8,,,,,,
C107V2550-701C033,C10,7V2550-701,TISA,C033,550B,HIGHLANDER,,7V255,,,,8,,,,,,
C107V2554-701C033,C10,7V2554-701,TISA,C033,550B,HIGHLANDER,,7V255,,,,8,,,,,,
C107V2557-701C033,C10,7V2557-701,TISA,C033,550B,HIGHLANDER,,7V255,,,,8,,,,,,
C107V2530-701C033,C10,7V2530-701,TISA,C033,550B,HIGHLANDER,,7V253,,,,8,,,,,,
C107V2534-701C033,C10,7V2534-701,TISA,C033,550B,HIGHLANDER,,7V253,,,,8,,,,,,
C107V2547-701C033,C10,7V2547-701,TISA,C033,550B,HIGHLANDER,,7V254,,,,8,,,,,,
C107V2540-701C033,C10,7V2540-701,TISA,C033,550B,HIGHLANDER,,7V254,,,,8,,,,,,
C107V2544-701C033,C10,7V2544-701,TISA,C033,550B,HIGHLANDER,,7V254,,,,8,,,,,,
C107M5324-701C033,C10,7M5324-701,TISA,C033,550B,HIGHLANDER,B15,7M532,,,,8,,,,,,
C107M5327-701C033,C10,7M5327-701,TISA,C033,550B,HIGHLANDER,B15,7M532,,,,8,,,,,,
C107M5320-701C033,C10,7M5320-701,TISA,C033,550B,HIGHLANDER,B15,7M532,,,,8,,,,,,
C107M9144-701C033,C10,7M9144-701,TISA,C033,550B,HIGHLANDER,B15,7M914,,,,8.675,,,,,,
C107M9147-701C033,C10,7M9147-701,TISA,C033,550B,HIGHLANDER,B15,7M914,,,,8.675,,,,,,
C107M9140-701C033,C10,7M9140-701,TISA,C033,550B,HIGHLANDER,B15,7M914,,,,8.675,,,,,,
C107V1537-701C033,C10,7V1537-701,TISA,C033,550B,HIGHLANDER,,7V153,,,,8,,,,,,
C107V1530-701C033,C10,7V1530-701,TISA,C033,550B,HIGHLANDER,,7V153,,,,8,,,,,,
C107V1534-701C033,C10,7V1534-701,TISA,C033,550B,HIGHLANDER,,7V153,,,,8,,,,,,
C107V1547-701C033,C10,7V1547-701,TISA,C033,550B,HIGHLANDER,,7V154,,,,8,,,,,,
C107V1540-701C033,C10,7V1540-701,TISA,C033,550B,HIGHLANDER,,7V154,,,,8,,,,,,
C107V1544-701C033,C10,7V1544-701,TISA,C033,550B,HIGHLANDER,,7V154,,,,8,,,,,,
C107V1557-701C033,C10,7V1557-701,TISA,C033,550B,HIGHLANDER,,7V155,,,,8,,,,,,
C107V1550-701C033,C10,7V1550-701,TISA,C033,550B,HIGHLANDER,,7V155,,,,8,,,,,,
C107V1554-701C033,C10,7V1554-701,TISA,C033,550B,HIGHLANDER,,7V155,,,,8,,,,,,
C10Service,C10,Service,,,,,,,,,,8,,,,,,
C30AA1630-201BU014,C30A,A1630-201B,TB Elmira,U014,760A,LEXUS RX,B15C,A1630,AA08,A0607,,,53.35719214,53.35719214,58.64819214,,,
C30AA1531-201BU014,C30A,A1531-201B,TB Elmira,U014,760A,LEXUS RX,B15C,A1531,AA08,A0677,,,55.7016588,55.7016588,60.29819214,,,
C30AA1518-201BU014,C30A,A1518-201B,TB Elmira,U014,760A,LEXUS RX,B15C,A1518,AA08,A0677,,,55.6796588,55.6796588,59.69539214,,,
C30BA1630-201BU014,C30B,A1630-201B,TB Elmira,U014,760A,LEXUS RX,B15C,A1630,AA08,A0607,,53.35719214,53.35719214,58.64819214,,,,
C30BA1531-201BU014,C30B,A1531-201B,TB Elmira,U014,760A,LEXUS RX,B15C,A1531,AA08,A0677,,55.7016588,55.7016588,60.29819214,,,,
C30BA1518-201BU014,C30B,A1518-201B,TB Elmira,U014,760A,LEXUS RX,B15C,A1518,AA08,A0677,,55.6796588,55.6796588,59.69539214,,,,
C30BA1393-138BC029,C30B,A1393-138B,ATS,C029,291B,SEQUOIA,,A1393,,,,35.43308499,37.99647785,37.99647785,,,,
C30BA1393-201BC029,C30B,A1393-201B,ATS,C029,291B,SEQUOIA,,A1393,,,,35.43308499,37.99647785,37.99647785,,,,
C30BA1393-457BC029,C30B,A1393-457B,ATS,C029,291B,SEQUOIA,,A1393,,,,35.43308499,37.99647785,37.99647785,,,,
C30B7M9090-701C029,C30B,7M9090-701,ATS,C029,291B,SEQUOIA,B15+B15,7M909,AA08,7M5220-701,,34.63351595,36.65322071,51.53873499,,,,
C30B7M9094-701C029,C30B,7M9094-701,ATS,C029,291B,SEQUOIA,B15+B15,7M909,AA08,7M5224-701,,34.63351595,36.65322071,51.53873499,,,,
C30B7M9097-701C029,C30B,7M9097-701,ATS,C029,291B,SEQUOIA,B15+B15,7M909,AA08,7M5227-701,,34.63351595,36.65322071,51.53873499,,,,
C30B7M5077-701C029,C30B,7M5077-701,ATS,C029,291B,SEQUOIA,B15C,7M507,AA08,,,44.8155088,50.18149214,48.73114214,,,,
C30B7M5074-701C029,C30B,7M5074-701,ATS,C029,291B,SEQUOIA,B15C,7M507,AA08,,,44.8155088,50.18149214,48.73114214,,,,
C30B7V1147-701C029,C30B,7V1147-701,ATS,C029,291B,SEQUOIA,B15C,7V114,AA08,,,44.4096088,49.36969214,47.51344214,,,,
C30B7V1140-701C029,C30B,7V1140-701,ATS,C029,291B,SEQUOIA,B15C,7V114,AA08,,,44.4096088,49.36969214,47.51344214,,,,
C30B7V1144-701C029,C30B,7V1144-701,ATS,C029,291B,SEQUOIA,B15C,7V114,AA08,,,44.4096088,49.36969214,47.51344214,,,,
C30B7V1157-701C029,C30B,7V1157-701,ATS,C029,291B,SEQUOIA,B15C,7V115,AA08,,,44.4096088,49.36969214,47.51344214,,,,
C30B7V1150-701C029,C30B,7V1150-701,ATS,C029,291B,SEQUOIA,B15C,7V115,AA08,,,44.4096088,49.36969214,47.51344214,,,,
C30B7V1154-701C029,C30B,7V1154-701,ATS,C029,291B,SEQUOIA,B15C,7V115,AA08,,,44.4096088,49.36969214,47.51344214,,,,
C30B7M9000-701U044,C30B,7M9000-701,TMMTX,U044,480A,TUNDRA C,B15C,7M900,AA08,,,22.4406838,22.94952547,22.94952547,,,,
C30B7M9004-701U044,C30B,7M9004-701,TMMTX,U044,480A,TUNDRA C,B15C,7M900,AA08,,,22.4406838,22.94952547,22.94952547,,,,
C30B7M9007-701U044,C30B,7M9007-701,TMMTX,U044,480A,TUNDRA C,B15C,7M900,AA08,,,22.4406838,22.94952547,22.94952547,,,,
C30B7V1107-701U044,C30B,7V1107-701,TMMTX,U044,480A,TUNDRA D,B15C,7V110,AA08,,,22.26576547,22.68200547,22.68200547,,,,
C30B7V1100-701U044,C30B,7V1100-701,TMMTX,U044,480A,TUNDRA D,B15C,7V110,AA08,,,22.26576547,22.68200547,22.68200547,,,,
C30B7V1104-701U044,C30B,7V1104-701,TMMTX,U044,480A,TUNDRA D,B15C,7V110,AA08,,,22.26576547,22.68200547,22.68200547,,,,
C30B7M5057-701U044,C30B,7M5057-701,TMMTX,U044,480A,TUNDRA D,B15C,7M505,AA08,,,22.26576547,22.68200547,22.68200547,,,,
C30B7M5050-701U044,C30B,7M5050-701,TMMTX,U044,480A,TUNDRA D,B15C,7M505,AA08,,,22.26576547,22.68200547,22.68200547,,,,
C30B7M5054-701U044,C30B,7M5054-701,TMMTX,U044,480A,TUNDRA D,B15C,7M505,AA08,,,22.26576547,22.68200547,22.68200547,,,,
C30B7M5067-701U044,C30B,7M5067-701,TMMTX,U044,480A,TUNDRA D,B15C,7M506,AA08,,,30.56574214,32.84952547,32.84952547,,,,
C30B7M5060-701U044,C30B,7M5060-701,TMMTX,U044,480A,TUNDRA D,B15C,7M506,AA08,,,30.56574214,32.84952547,32.84952547,,,,
C30B7M5064-701U044,C30B,7M5064-701,TMMTX,U044,480A,TUNDRA D,B15C,7M506,AA08,,,30.56574214,32.84952547,32.84952547,,,,
C30B7V2190-7010C029,C30B,7V2190-7010,ATS,C029,291B,SEQUOIA,B15C,7V219,AA08,,,22.28718579,33.07462389,33.07462389,,,,
C30B7V2194-7010C029,C30B,7V2194-7010,ATS,C029,291B,SEQUOIA,B15C,7V219,AA08,,,22.28718579,33.07462389,33.07462389,,,,
C30B7V2197-7010C029,C30B,7V2197-7010,ATS,C029,291B,SEQUOIA,B15C,7V219,AA08,,,22.28718579,33.07462389,33.07462389,,,,
C30B7M5100-710C017,C30B,7M5100-710,SIA,C017,TR8,TRIBECA,B15C,7M510,AA08,,,19.34508738,23.38219214,23.38219214,,,,
C30B7M5104-710C017,C30B,7M5104-710,SIA,C017,TR8,TRIBECA,B15C,7M510,AA08,,,19.34508738,23.38219214,23.38219214,,,,
CF1A1628-201BU014,CF1,A1628-201B,TB Elmira,U014,760A,LEXUS RX,B15,A1628,AA07,,,,,108.1427536,110.3427536,,,
CF1A1629-201BU014,CF1,A1629-201B,TB Elmira,U014,760A,LEXUS RX,B15,A1629,AA07,,,,,83.39275363,77.34275363,,,
CF17M9070-701C007,CF1,7M9070-701,TMMK,C007,241B,LEXUS ES,B15,7M907,AA07,,,,,88.83958696,79.86968696,,,
CF17M9078-701C007,CF1,7M9078-701,TMMK,C007,241B,LEXUS ES,B15,7M907,AA07,,,,,88.83958696,79.86968696,,,
CF17M9080-701C007,CF1,7M9080-701,TMMK,C007,241B,LEXUS ES,B15+B15,7M908,AA07,,,,,103.5039536,99.14719807,,,
CF17M9088-701C007,CF1,7M9088-701,TMMK,C007,241B,LEXUS ES,B15+B15,7M908,AA07,,,,,103.5039536,99.14719807,,,
CF17M9220-701C007,CF1,7M9220-701,TMMK,C007,947B,LEXUS,B15+B15,7M922,AA07,,,,,98.09608696,86.46968696,,,
CF17M9228-701C007,CF1,7M9228-701,TMMK,C007,947B,LEXUS,B15+B15,7M922,AA07,,,,,98.09608696,86.46968696,,,
CF17M9230-701C007,CF1,7M9230-701,TMMK,C007,947B,LEXUS,B15,7M923,AA07,,,,,77.22358696,79.86968696,,,
CF17M9238-701C007,CF1,7M9238-701,TMMK,C007,947B,LEXUS,B15,7M923,AA07,,,,,77.22358696,79.86968696,,,
CF17M9240-701C007,CF1,7M9240-701,TMMK,C007,707B,LEXUS,B15+B15,7M924,AA07,,,,,98.09608696,86.46968696,,,
CF17M9248-701C007,CF1,7M9248-701,TMMK,C007,707B,LEXUS,B15+B15,7M924,AA07,,,,,98.09608696,86.46968696,,,
CF17M9250-701C007,CF1,7M9250-701,TMMK,C007,707B,LEXUS,B15+B15,7M925,AA07,,,,,98.09608696,86.46968696,,,
CF17M9258-701C007,CF1,7M9258-701,TMMK,C007,707B,LEXUS,B15+B15,7M925,AA07,,,,,98.09608696,86.46968696,,,
CF17M9050-701C007,CF1,7M9050-701,TMMK,C007,370B,AVALON,B15+B15,7M905,AA07,,,,,98.55395363,94.74719807,,,
CF17M9060-701C007,CF1,7M9060-701,TMMK,C007,370B,AVALON,B15+B15,7M906,AA07,,,,,98.55395363,94.74719807,,,
CF17M9030-701C007,CF1,7M9030-701,TMMK,C007,370B,AVALON,B15,7M903,AA07,,,,,83.88958696,84.26968696,,,
CF17M9040-701C007,CF1,7M9040-701,TMMK,C007,370B,AVALON,B15,7M904,AA07,,,,,83.88958696,84.26968696,,,
CF17M9200-701C007,CF1,7M9200-701,TMMK,C007,948B,AVALON,B15,7M920,AA07,,,,,50.24150535,81.697,,,
CF17M9210-701C007,CF1,7M9210-701,TMMK,C007,948B,AVALON,B15+B15,7M921,AA07,,,,,93.14608696,94.514,,,
CF17M5350-701C017,CF1,7M5350-701,,C017,TP1,NHK,,7M535,AA07,,,,,80.09275363,83.94275363,,,
CF17M5354-701C017,CF1,7M5354-701,,C017,TP1,NHK,,7M535,AA07,,,,,80.09275363,83.94275363,,,
CF17M9170-701C017,CF1,7M9170-701,,C017,TP1,NHK,B15+B15,7M917,AA07,,,,,104.696087,86.46968696,,,
CF17M9280-701C017,CF1,7M9280-701,SIA,C017,TP1,NHK,B15,7M928,AA07,,,,,104.696087,86.46968696,,,
CF17M5420-701C017,CF1,7M5420-701,SIA,C017,TP1,NHK,B15,7M542,AA07,,,,,104.696087,83.94275363,,,
CF17M5424-701C017,CF1,7M5424-701,SIA,C017,TP1,NHK,B15,7M542,AA07,,,,,104.696087,86.46968696,,,
CF1,CF1,,,,,,,,,,,,,108.1427536,110.3427536,,,
CF27V2200-701C043,CF2,7V2200-701,L (Adient Kentucky),C043,370B,AVALON,B15,7V220,AA09,,,,79.7484846,82.67081793,93.86515127,,,
CF27V1070-701-C0C043,CF2,7V1070-701-C0,R (Adient Kentucky),C043,010B,CAMRY,B15,7V107,AA09,,,,72.3520846,80.42021793,84.9360846,,,
CF27V2080-701-C0C043,CF2,7V2080-701-C0,L (Adient Kentucky),C043,010B/370B,CAMRY/AVALON,B15,7V208,AA09,,,,72.27875127,80.42021793,80.40701793,,,
CF37M9120-701U006,CF3,7M9120-701,TMMC,U006,320B,RAV4,B15+B15,7M912,AA08,,,,,136.8415953,106.7474651,,,
CF37M9120-701C007,CF3,7M9120-701,TMMK,C007,981B,RAV4,B15+B15,7M912,AA08,,,,,136.8415953,106.7474651,,,
CF37M9110-701U006,CF3,7M9110-701,TMMC,U006,320B,RAV4,B15+B15,7M911,AA08,,,,,136.8415953,106.7474651,,,
CF37M9110-701C007,CF3,7M9110-701,,C007,981B,RAV4,B15+B15,7M911,AA08,,,,,136.8415953,106.7474651,,,
B107V1420-701U006,B10,7V1420-701,TMMC,U006,320B,RAV4,B15,7V142,AA08,,,28.10958333,30.70833333,,,,,
B107V1420-701C007,B10,7V1420-701,,C007,981B,RAV4,B15,7V142,AA08,,,28.55224826,31.15099826,,,,,
B107V1470-701U006,B10,7V1470-701,TMMC,U006,320B,RAV4,B15,7V147,AA08,,,36.25224826,37.75099826,,,,,
B107V1470-701C007,B10,7V1470-701,TMMK,C007,981B,RAV4,B15,7V147,AA08,,,36.25224826,37.75099826,,,,,
CF47V2390-701-C0U013,CF4,7V2390-701-C0,,U013,320B,,,7V239,AA08,,,,68.86593786,72.34780453,78.50927119,,,
CF47V1660-701-C0C033,CF4,7V1660-701-C0,TBN,C033,500B/550B,HIGHLANDER/SIENNA,B15,7V166,AA09,,,,68.86593786,72.34780453,78.50927119,,,
CF47V1660-701-C0U013,CF4,7V1660-701-C0,TBCA,U013,320B,Rav4,B15,7V166,AA09,,,,66.66593786,72.34780453,78.50927119,,,
CF47V1660-701-C0C043,CF4,7V1660-701-C0,,C043,981B,,,7V166,AA09,,,,66.66593786,72.34780453,78.50927119,,,
CF47V1410-701-C0U013,CF4,7V1410-701-C0,,U013,320B,,,7V141,AA08,,,,68.61784129,72.09970796,78.26117462,,,
CF47V1410-701-C0C043,CF4,7V1410-701-C0,,C043,981B,,,7V141,AA08,,,,68.61784129,72.09970796,78.26117462,,,
CF47V1860-701C043,CF4,7V1860-701,,C043,102D,Rav4,,7V186,AA08,,,,66.66593786,72.34780453,78.509,,,
CF47V1860-701U013,CF4,7V1860-701,TBCA,U013,102D,Rav4,,7V186,AA08,,,,66.66593786,72.34780453,78.509,,,
CF57V2440-701-C0U091,CF5,7V2440-701-C0,TBMS,U091,150B,COROLLA,B15,7V244,AA09,,,,64.7,72.1,72.1,,,
CF57V1440-701-C0U091,CF5,7V1440-701-C0,TBMS,U091,150B,COROLLA,B15,7V144,AA09,,,,64.7,72.1,72.1,,,
CF57V1660-701-C0C043,CF5,7V1660-701-C0,R (Adient Kentucky),C043,981B,COROLLA,B15,7V166,AA09,,,,64.7,72.1,72.1,,,
CF57V2070-701-C0C043,CF5,7V2070-701-C0,L (Adient Kentucky),C043,010B,CAMRY,B15,7V207,AA09,,,,64.7,72.1,72.1,,,
CF57V2074-701-E0C043,CF5,7V2074-701-E0,L (Adient Kentucky),C043,010B,CAMRY,B15,7V207,AA09,,,,64.7,72.1,72.1,,,
CF57V2390-701-C0U013,CF5,7V2390-701-C0,TBCA,U013,320B,RAV4,B15,7V239,AA09,,,,64.7,72.1,72.1,,,
CF57V2390-701-C0C043,CF5,7V2390-701-C0,L (Adient Kentucky),C043,981B,RAV4,B15,7V239,AA09,,,,64.7,72.1,72.1,,,
CF57V2400-701C033,CF5,7V2400-701,TBN,C033,500B/550B,HIGHLANDER/SIENNA,B15,7V240,AA09,,,,64.7,72.1,72.1,,,
CF67V1480-701C029,CF6,7V1480-701,ATS,C029,550B,HIGHLANDER,B15,7V148,AA09,,,,75.54814859,80.32214859,82.99148192,,,
CF67V1484-701C029,CF6,7V1484-701,ATS,C029,550B,HIGHLANDER,B15,7V148,AA09,,,,75.54814859,80.32214859,82.99148192,,,
CF67V1487-701C029,CF6,7V1487-701,ATS,C029,550B,HIGHLANDER,B15,7V148,AA09,,,,75.54814859,80.32214859,82.99148192,,,
CF67V1570-701C029,CF6,7V1570-701,ATS,C029,550B,HIGHLANDER,B15,7V157,AA09,,,,75.54814859,80.32214859,82.99148192,,,
CF67V1577-701C029,CF6,7V1577-701,ATS,C029,550B,HIGHLANDER,B15,7V157,AA09,,,,75.54814859,80.32214859,82.99148192,,,
CF67V1580-701C029,CF6,7V1580-701,ATS,C029,550B,HIGHLANDER,B15,7V158,AA09,,,,75.54814859,80.32214859,82.99148192,,,
CF67V1584-701C029,CF6,7V1584-701,ATS,C029,550B,HIGHLANDER,B15,7V158,AA09,,,,75.54814859,80.32214859,82.99148192,,,
CF67V1587-701C029,CF6,7V1587-701,ATS,C029,550B,HIGHLANDER,B15,7V158,AA09,,,,75.54814859,80.32214859,82.99148192,,,
CF67V2570-701C029,CF6,7V2570-701,ATS,C029,550B,HIGHLANDER,B15,7V257,AA09,,,,75.54814859,80.32214859,82.99148192,,,
CF67V2574-701C029,CF6,7V2574-701,ATS,C029,550B,HIGHLANDER,B15,7V257,AA09,,,,75.54814859,80.32214859,82.99148192,,,
CF67V2577-701C029,CF6,7V2577-701,ATS,C029,550B,HIGHLANDER,B15,7V257,AA09,,,,75.54814859,80.32214859,82.99148192,,,
CF67V2580-701C029,CF6,7V2580-701,ATS,C029,550B,HIGHLANDER,B15,7V258,AA09,,,,75.54814859,80.32214859,82.99148192,,,
CF67V2584-701C029,CF6,7V2584-701,ATS,C029,550B,HIGHLANDER,B15,7V258,AA09,,,,75.54814859,80.32214859,82.99148192,,,
CF67V2587-701C029,CF6,7V2587-701,ATS,C029,550B,HIGHLANDER,B15,7V258,AA09,,,,75.54814859,80.32214859,82.99148192,,,
CF67V1660-701-C0C029,CF6,7V1660-701-C0,ATS,C029,550B,HIGHLANDER,B15,7V166,AA09,,,,74.44814859,76.83001526,82.99148192,,,
CF67V1664-701C029,CF6,7V1664-701,ATS,C029,550B,HIGHLANDER,B15,7V166,AA09,,,,74.44814859,76.83001526,82.99148192,,,
CF67V1667-701C029,CF6,7V1667-701,ATS,C029,550B,HIGHLANDER,B15,7V166,AA09,,,,74.44814859,76.83001526,82.99148192,,,
CF67V1664-701C033,CF6,7V1664-701,TBN,C033,550B,HIGHLANDER,B15,7V166,AA09,,,,74.44814859,76.83001526,82.99148192,,,
CF67V1667-701C033,CF6,7V1667-701,TBN,C033,550B,HIGHLANDER,B15,7V166,AA09,,,,74.44814859,76.83001526,82.99148192,,,
CF67V1840-701C029,CF6,7V1840-701,ATS,C029,096D,HIGHLANDER,B15,7V184,AA09,,,,75.54814859,80.32214859,82.99148192,,,
CF67V1844-701C029,CF6,7V1844-701,ATS,C029,096D,HIGHLANDER,B15,7V184,AA09,,,,75.54814859,80.32214859,82.99148192,,,
CF67V1847-701C029,CF6,7V1847-701,ATS,C029,096D,HIGHLANDER,B15,7V184,AA09,,,,75.54814859,80.32214859,82.99148192,,,
CF67V1850-701C029,CF6,7V1850-701,ATS,C029,096D,HIGHLANDER,B15,7V185,AA09,,,,75.54814859,80.32214859,82.99148192,,,
CF67V1854-701C029,CF6,7V1854-701,ATS,C029,096D,HIGHLANDER,B15,7V185,AA09,,,,75.54814859,80.32214859,82.99148192,,,
CF67V1857-701C029,CF6,7V1857-701,ATS,C029,096D,HIGHLANDER,B15,7V185,AA09,,,,75.54814859,80.32214859,82.99148192,,,
CF67V2840-701C029,CF6,7V2840-701,ATS,C029,096D,HIGHLANDER,B15,7V284,AA09,,,,75.54814859,80.32214859,82.99148192,,,
CF67V2844-701C029,CF6,7V2844-701,ATS,C029,096D,HIGHLANDER,B15,7V284,AA09,,,,75.54814859,80.32214859,82.99148192,,,
CF67V2847-701C029,CF6,7V2847-701,ATS,C029,096D,HIGHLANDER,B15,7V284,AA09,,,,75.54814859,80.32214859,82.99148192,,,
CF67V1850-701C033,CF6,7V1850-701,TBN,C033,096D,HIGHLANDER,B15,7V185,AA09,,,,75.54814859,80.32214859,82.99148192,,,
CF67V1854-701C033,CF6,7V1854-701,TBN,C033,096D,HIGHLANDER,B15,7V185,AA09,,,,75.54814859,80.32214859,82.99148192,,,
CF67V1857-701C033,CF6,7V1857-701,TBN,C033,096D,HIGHLANDER,B15,7V185,AA09,,,,75.54814859,80.32214859,82.99148192,,,
CF67V2370-701-C0C043,CF6,7V2370-701-C0,Adient Kentucky,C043,241B,LEXUS ES,B15,7V237,AA08,,,,75.54814859,80.32214859,82.99148192,,,
CF67V2378-701-E0C043,CF6,7V2378-701-E0,Adient Kentucky,C043,241B,LEXUS ES,B15,7V237,AA08,,,,75.54814859,80.32214859,82.99148192,,,
CF67V1370-701-C0C043,CF6,7V1370-701-C0,Adient Kentucky,C043,241B,LEXUS ES,B15,7V137,AA08,,,,75.54814859,80.32214859,82.99148192,,,
CF67V1378-701-E0C043,CF6,7V1378-701-E0,Adient Kentucky,C043,241B,LEXUS ES,B15,7V137,AA08,,,,75.54814859,80.32214859,82.99148192,,,
CF67V1080-701-C0C043,CF6,7V1080-701-C0,Adient Kentucky,C043,010B/370B,CAMRY/AVALON,B15,7V108,AA08,,,,75.54814859,80.32214859,82.99148192,,,
CF67V1084-701-E0C043,CF6,7V1084-701-E0,Adient Kentucky,C043,010B,CAMRY,B15,7V108,AA08,,,,75.54814859,80.32214859,82.99148192,,,
CF67V1074-701-E0C043,CF6,7V1074-701-E0,Adient Kentucky,C043,010B,CAMRY,B15,7V107,AA08,,,,75.54814859,80.32214859,82.99148192,,,
CF67V2450-701-C0U091,CF6,7V2450-701-C0,TBMS,U091,150B,COROLLA,B15,7V245,AA08,,,,75.54814859,80.32214859,82.99148192,,,
CF67V2070-701-C0C043,CF6,7V2070-701-C0,L (Adient Kentucky),C043,010B,CAMRY,B15,7V207,AA08,,,,75.54814859,80.32214859,82.99148192,,,
CF67V2074-701-E0C043,CF6,7V2074-701-E0,L (Adient Kentucky),C043,010B,CAMRY,B15,7V207,AA08,,,,75.54814859,80.32214859,82.99148192,,,
CF67V2084-701-E0C043,CF6,7V2084-701-E0,L (Adient Kentucky),C043,010B,CAMRY,B15,7V208,AA08,,,,75.54814859,80.32214859,82.99148192,,,
CF67V2590-701C033,CF6,7V2590-701,TBN,C033,500B,SIENNA,B15,7V259,AA08,,,,75.54814859,76.83001526,82.99148192,,,
CF67V2930-701,CF6,7V2930-701,,,922B,LEXUS NX,,7V293,AA08,,,,75.54814859,76.83001526,82.99148192,,,
CF6Service,CF6,Service,,,,,,,,,,,75.54814859,80.32214859,82.99148192,,,
CF77V2400-701-C0U013,CF7,7V2400-701-C0,TBCA,U013,320B,RAV4,B15,7V240,AA09,,,49.88369791,50.92429791,51.10029791,,,,
CF77V2400-701C029,CF7,7V2400-701,ATS,C029,550B,HIGHLANDER,B15,7V240,AA09,,,49.88369791,50.92429791,51.10029791,,,,
CF77V2404-701C029,CF7,7V2404-701,ATS,C029,550B,HIGHLANDER,B15,7V240,AA09,,,49.88369791,50.92429791,51.10029791,,,,
CF77V2407-701C029,CF7,7V2407-701,ATS,C029,550B,HIGHLANDER,B15,7V240,AA09,,,49.88369791,50.92429791,51.10029791,,,,
CF77V2400-701C033,CF7,7V2400-701,TBN,C033,500B/550B,HIGHLANDER/SIENNA,B15,7V240,AA09,,,49.88369791,50.92429791,51.10029791,,,,
CF77V2404-701C033,CF7,7V2404-701,TBN,C033,550B,HIGHLANDER,B15,7V240,AA09,,,49.88369791,50.92429791,51.10029791,,,,
CF77V2407-701C033,CF7,7V2407-701,TBN,C033,550B,HIGHLANDER,B15,7V240,AA09,,,49.88369791,50.92429791,51.10029791,,,,
CF77V2400-701-C0C043,CF7,7V2400-701-C0,L (Adient Kentucky),C043,981B,RAV4,B15,7V240,AA09,,,49.88369791,50.92429791,51.10029791,,,,
CF77V1930-701,CF7,7V1930-701,,,922B,LEXUS NX,B15C,7V193,AA09,,,64.32231349,53.15731349,,,,,
CF87M9160-701C033,CF8,7M9160-701,TBN,C033,500B,SIENNA,B15+B15,7M916,AA07,,,43.92,,,,,,
CF97V1630-701C017,CF9,7V1630-701,,C017,TP1,TP1,,7V163,AA07,,,55.67,55.4,61.7,81.6,,,
CF97V1634-701C017,CF9,7V1634-701,,C017,TP1,TP1,,7V163,AA07,,,55.67,55.4,61.7,81.6,,,
CF97V1650-701C017,CF9,7V1650-701,,C017,TP1,TP1,,7V165,AA07,,,61.12,66.59,56.0,74.7,,,
CF97V1654-701C017,CF9,7V1654-701,,C017,TP1,TP1,,7V165,AA07,,,61.12,66.59,56.0,74.7,,,
CF97V2630-701C017,CF9,7V2630-701,,C017,TP1,TP1,,7V263,AA07,,,55.67,55.4,61.7,81.6,,,
CF97V2634-701C017,CF9,7V2634-701,,C017,TP1,TP1,,7V263,AA07,,,55.67,55.4,61.7,81.6,,,
CF97V2640-701C017,CF9,7V2640-701,,C017,TP1,TP1,,7V264,AA07,,,62.93,65.38,70.7,93.7,,,
CF97V2644-701C017,CF9,7V2644-701,,C017,TP1,TP1,,7V264,AA07,,,62.93,65.38,70.7,93.7,,,
CF97V1880-701C017,CF9,7V1880-701,SIA,C017,TP1,TP1,B15,7V188,AA07,,,55.67,55.4,,,,,
CF97V1884-701C017,CF9,7V1884-701,SIA,C017,TP1,TP1,B15,7V188,AA07,,,55.67,55.4,,,,,
CF97V1910-701C017,CF9,7V1910-701,SIA,C017,TP1,TP1,B15,7V191,AA07,,,61.12,66.59,,,,,
CF97V1914-701C017,CF9,7V1914-701,SIA,C017,TP1,TP1,B15,7V191,AA07,,,61.12,66.59,,,,,
CF97V2880-701C017,CF9,7V2880-701,SIA,C017,TP1,TP1,B15,7V288,AA07,,,55.67,55.4,,,,,
CF97V2884-701C017,CF9,7V2884-701,SIA,C017,TP1,TP1,B15,7V288,AA07,,,55.67,55.4,,,,,
CF97V2890-701C017,CF9,7V2890-701,SIA,C017,TP1,TP1,B15,7V289,AA07,,,62.93,65.38,,,,,
CF97V2894-701C017,CF9,7V2894-701,SIA,C017,TP1,TP1,B15,7V289,AA07,,,62.93,65.38,,,,,
IF1A1524-201BU006,IF1,A1524-201B,TMMC,U006,760A,LEXUS RX,,A1524,,,,93.07835416,108.1462799,172.5266714,,,,
IF1A1533-201BU006,IF1,A1533-201B,TMMC,U006,760A,LEXUS RX,,A1533,,,,93.07835416,108.1462799,172.5266714,,,,
MF1A4076-138BU066,MF1,A4076-138B,Adient Avanzar,U066,480A,TUNDRA,B15,A4076,AA07,A0646,,34.9499328,38.087,,,,,
MF1A4076-201BU066,MF1,A4076-201B,Adient Avanzar,U066,480A,TUNDRA,B15,A4076,AA07,A0646,,34.9499328,38.087,,,,,
MF1A4076-457BU066,MF1,A4076-457B,Adient Avanzar,U066,480A,TUNDRA,B15,A4076,AA07,A0646,,34.9499328,38.087,,,,,
MF1A1580-201BU066,MF1,A1580-201B,Adient Avanzar,U066,989A,TACOMA,B15,A1580,AA07,A0656,,34.9499328,38.087,,,,,
MF1A1580-201BU071,MF1,A1580-201B,AVANM,U071,774B,TACOMA,B15,A1580,AA07,A0656,,34.9499328,38.087,,,,,
MF17V2560-701U066,MF1,7V2560-701,Adient Avanzar,U066,625B,TACOMA,B15,7V256,AA07,A0656,,34.9499328,38.087,,,,,
MF17V2670-701U049,MF1,7V2670-701,TBAKI,U049,890B,C-SUV,B15,7V267,AA07,7V2670-703,,38.4082073,42.9182073,,,,,
MF17V2680-701U049,MF1,7V2680-701,TBAKI,U049,890B,C-SUV,B15,7V268,AA07,7V2670-703,,38.4082073,42.9182073,,,,,
MF17V1670-701U049,MF1,7V1670-701,TBAKI,U049,890B,C-SUV,B15,7V167,AA07,7V1670-703,,38.4082073,42.9182073,,,,,
MF1Service,MF1,Service,,,,,,Servi,,,,38.4082073,42.9182073,,,,,
MF27V1110-701U066,MF2,7V1110-701,Adient Avanzar,U066,480A,TUNDRA,B15,7V111,AA07,7L0039-701,,40.86190829,44.60190829,48.23190829,,,,
MF27V1114-701U066,MF2,7V1114-701,Adient Avanzar,U066,480A,TUNDRA,B15,7V111,AA07,7L0039-701,,40.86190829,44.60190829,48.23190829,,,,
MF27V1117-701U066,MF2,7V1117-701,Adient Avanzar,U066,480A,TUNDRA,B15,7V111,AA07,7L0039-701,,40.86190829,44.60190829,48.23190829,,,,
MF27V1120-701C029,MF2,7V1120-701,ATS,C029,291B,SEQUOIA,B15,7V112,AA07,7L0041-701,,35.91190829,37.12190829,41.30190829,,,,
MF27V1124-701C029,MF2,7V1124-701,ATS,C029,291B,SEQUOIA,B15,7V112,AA07,7L0041-701,,35.91190829,37.12190829,41.30190829,,,,
MF27V1127-701C029,MF2,7V1127-701,ATS,C029,291B,SEQUOIA,B15,7V112,AA07,7L0041-701,,35.91190829,37.12190829,41.30190829,,,,
MF27V1130-701C029,MF2,7V1130-701,ATS,C029,291B,SEQUOIA,B15,7V113,AA07,7L0041-701,,34.21,35.42,39.6,,,,
MF27V1134-701C029,MF2,7V1134-701,ATS,C029,291B,SEQUOIA,B15,7V113,AA07,7L0041-701,,34.21,35.42,39.6,,,,
MF27V1137-701C029,MF2,7V1137-701,ATS,C029,291B,SEQUOIA,B15,7V113,AA07,7L0041-701,,34.21,35.42,39.6,,,,
MF27V1620-701C033,MF2,7V1620-701,TBN,C033,500B,SIENNA,BKLE,7V162,AA07,7V1610-703,,58.46190829,60.22190829,69.35190829,,,,
MF27V2120-701C029,MF2,7V2120-701,ATS,C029,291B,SEQUOIA,B15,7V212,AA07,7V1610-703,,35.91190829,37.12190829,41.30190829,,,,
MF27V2124-701C029,MF2,7V2124-701,ATS,C029,291B,SEQUOIA,B15,7V212,AA07,7V1610-703,,35.91190829,37.12190829,41.30190829,,,,
MF27V2127-701C029,MF2,7V2127-701,ATS,C029,291B,SEQUOIA,B15,7V212,AA07,7V1610-703,,35.91190829,37.12190829,41.30190829,,,,
MF27V2130-701C029,MF2,7V2130-701,ATS,C029,291B,SEQUOIA,B15,7V213,AA07,7L0041-701,,35.91190829,37.12190829,41.30190829,,,,
MF27V2134-701C029,MF2,7V2134-701,ATS,C029,291B,SEQUOIA,B15,7V213,AA07,7L0041-701,,35.91190829,37.12190829,41.30190829,,,,
MF27V2137-701C029,MF2,7V2137-701,ATS,C029,291B,SEQUOIA,B15,7V213,AA07,7L0041-701,,35.91190829,37.12190829,41.30190829,,,,
MF2A1579-201BU066,MF2,A1579-201B,Adient Avanzar,U066,989A,TACOMA,B15,A1579,AA07,A0656C,,35.91190829,37.12190829,41.30190829,,,,
MF2A1579-201BU071,MF2,A1579-201B,AVANM,U071,774B,TACOMA,B15,A1579,AA07,A0656C,,35.91190829,37.12190829,41.30190829,,,,
MF27V2560-701U071,MF2,7V2560-701,AVANM,U071,774B,TACOMA,B15,7V256,AA07,A0656C,,39.21190829,43.72190829,48.23190829,,,,
MF27V2110-701U066,MF2,7V2110-701,Adient Avanzar,U066,480A,TUNDRA,B15,7V211,AA07,7L0041-701,,40.86190829,44.60190829,48.23190829,,,,
MF27V2114-701U066,MF2,7V2114-701,Adient Avanzar,U066,480A,TUNDRA,B15,7V211,AA07,7L0041-701,,40.86190829,44.60190829,48.23190829,,,,
MF27V2117-701U066,MF2,7V2117-701,Adient Avanzar,U066,480A,TUNDRA,B15,7V211,AA07,7L0041-701,,40.86190829,44.60190829,48.23190829,,,,
MF2A4077-201BU066,MF2,A4077-201B,Adient Avanzar,U066,480A,TUNDRA,B15,A4077,AA07,A0646,,35.91190829,37.12190829,41.30190829,,,,
MF2A4079-138BU066,MF2,A4079-138B,Adient Avanzar,U066,480A,TUNDRA,B15,A4079,AA07,A0646,,39.21190829,40.20190829,48.23190829,,,,
MF2A4079-201BU066,MF2,A4079-201B,Adient Avanzar,U066,480A,TUNDRA,B15,A4079,AA07,A0646,,39.21190829,40.20190829,48.23190829,,,,
MF2A4079-457BU066,MF2,A4079-457B,Adient Avanzar,U066,480A,TUNDRA,B15,A4079,AA07,A0646,,39.21190829,40.20190829,48.23190829,,,,
MF2A4081-201BU066,MF2,A4081-201B,Adient Avanzar,U066,480A,TUNDRA,B15,A4081,AA07,A0646,,39.21190829,43.72190829,48.23190829,,,,
MF27M5040-701U066,MF2,7M5040-701,Adient Avanzar,U066,480A,"TUNDRA B,C (NO TORSION SPING)",B15,7M504,AA07,7L0038-701,,21.61190829,26.12190829,,,,,
MF2Service,MF2,Service,,,,,,Servi,,,,58.46190829,60.22190829,69.35190829,,,,
MF37V2710-701-,MF3,7V2710-701,,-,J34A,CX-X,B15,7V271,AA07,,,,81.66832896,,,,,
MF37V1710-701-,MF3,7V1710-701,,-,J34A,CX-X,B15,7V171,AA07,,,,81.66832896,,,,,
MF37V1730-701-,MF3,7V1730-701,,-,J34A,CX-X,B15,7V173,AA07,,,,81.66832896,,,,,
MF37V1720-701-,MF3,7V1720-701,,-,J34A,CX-X,B15,7V172,AA07,,,,81.66832896,,,,,
MF37V1820-701-,MF3,7V1820-701,,-,J34A,CX-X,B15,7V182,AA07,,,,81.66832896,,,,,
MF37V1830-701-,MF3,7V1830-701,,-,J34A,CX-X,B15,7V183,AA07,,,,81.66832896,,,,,
MF3Service,MF3,Service,,,,,,Servi,,,,,81.66832896,,,,,
P037M5330-710C033,P03,7M5330-710,TBN Taiwan/FMVSS,C033,500B,SIENNA,BKLE,7M533,,,,15.76388889,,,,,,
P03,P03,,,,Service,,,,,,,15.76388889,,,,,,
M04A1294U066,M04,A1294,TMMTX,U066,480A,TUNDRA D,,A1294,,,,32.2,,,,,,
M04A1091U066,M04,A1091,TMMTX,U066,480A,TUNDRA D,Misc,A1091,,,,32.2,,,,,,
M04,M04,,,,,,,,,,,32.2,,,,,,
