Dock code,QSS Item,CUST #,Tech,Cell,Back no,AF0628,AF0705,AF0712,AF0719,AF0726,AF0802,AF0809,AF0816,AF0823,AF0830,AF0906,AF0913,AF0920,AF0927,AF1004,AF1011,AF1018,AF1025,AF1101,AF1108,AF1115,AF1122,AF1129,AF1206
TRMX,7L0059-7011,U455,B15,AA08,S08H,11328,14400,0,19200,19200,19200,20160,20160,20160,23040,18240,16320,16320,19584,18586,16320,16320,16320,16320,16320,16320,16320,16320,16320
TMMC2A,7V1420-707,U006,D14PF,F15,B271,2984,3690,3600,0,3650,2960,3700,3700,3700,3700,2960,3700,3700,3765,3873,3098,3873,3873,3873,3873,3873,3873,3873,3873
TMMC2A,7V2420-707,U006,D14PF,F13,D190,2984,3690,3600,0,3650,2960,3700,3700,3700,3700,2960,3700,3700,3765,3873,3098,3873,3873,3873,3873,3873,3873,3873,3873
TMMC2B,7M9110-701,U006,B15,CF3,B384,604,746,734,0,744,592,567,441,426,428,411,521,518,512,449,359,449,449,449,449,449,449,449,449
TMMC2B,7M9120-701,U006,B15,CF3,Q473,2380,2944,2866,0,2906,2368,3133,3259,3274,3272,2549,3179,3182,3188,3425,2740,3425,3425,3425,3425,3425,3425,3425,3425
TMMC2B,7V1390-707-C3,U006,D13,F45,A202,2984,3690,3600,0,3650,2960,3700,3700,3700,3700,2960,3700,3700,3700,3873,3098,3873,3873,3873,3873,3873,3873,3873,3873
TMMC2B,7V1420-701,U006,B15,B10,C305,604,746,734,0,744,592,567,441,426,428,411,521,518,512,449,359,449,449,449,449,449,449,449,449
TMMC2B,7V1470-701,U006,B15,B10,D796,2380,2944,2866,0,2906,2368,3133,3259,3274,3272,2549,3179,3182,3188,3425,2740,3425,3425,3425,3425,3425,3425,3425,3425
TMMC2B,7V2070-707-C3,U006,D13,F49,M770,2984,3690,3600,0,3650,2960,3700,3700,3700,3700,2960,3700,3700,3700,3873,3098,3873,3873,3873,3873,3873,3873,3873,3873
TMMC5A,A1516-008B,U006,D13,F44,G591,790,1043,774,0,745,701,981,715,723,742,604,710,754,754,739,591,739,739,739,739,739,739,739,739
TMMC5A,A1516-146B,U006,D13,F44,Q633,989,1259,1040,0,1049,968,1003,1281,1271,1283,1037,1331,1303,1252,1295,1036,1295,1295,1295,1295,1295,1295,1295,1295
TMMC5A,A1516-201B,U006,D13,F44,P030,268,323,286,0,290,275,446,474,476,490,371,469,453,461,461,369,461,461,461,461,461,461,461,461
TMMC5A,A1524-201B,U006,D9CPF,IF1,N597,2048,2625,2100,0,2084,1944,2430,2470,2470,2515,2012,2510,2510,2466,2495,1996,2495,2495,2495,2495,2495,2495,2495,2495
TMMC5A,A1529-008B,U006,D13,F44,Q198,790,1043,774,0,745,701,981,715,723,742,604,710,754,754,739,591,739,739,739,739,739,739,739,739
TMMC5A,A1529-146B,U006,D13,F44,N576,989,1259,1040,0,1049,968,1003,1281,1271,1283,1037,1331,1303,1252,1295,1036,1295,1295,1295,1295,1295,1295,1295,1295
TMMC5A,A1529-201B,U006,D13,F44,N496,268,323,286,0,290,275,446,474,476,490,371,469,453,461,461,369,461,461,461,461,461,461,461,461
TMMC5A,A1533-201B,U006,D9CPF,IF1,Q523,2048,2625,2100,0,2084,1944,2430,2470,2470,2515,2012,2510,2510,2466,2495,1996,2495,2495,2495,2495,2495,2495,2495,2495
TMMCBA,7M9110-701,U006,B15,CF3,B384,651,819,810,449,761,649,863,803,778,634,440,546,549,556,766,613,766,766,766,766,766,766,766,766
TMMCBA,7M9120-701,U006,B15,CF3,Q473,2949,3695,3705,2071,3439,2943,3637,3697,3722,3856,3160,3929,3926,3919,3797,3038,3797,3797,3797,3797,3797,3797,3797,3797
TMMCBA,7V1390-707-C3,U006,D13,F45,A202,3600,4514,4515,2520,4200,3592,4500,4500,4500,4490,3600,4475,4475,4475,4564,3651,4564,4564,4564,4564,4564,4564,4564,4564
TMMCBA,7V1420-701,U006,B15,B10,C305,651,819,810,449,761,649,863,803,778,634,440,546,549,556,766,613,766,766,766,766,766,766,766,766
TMMCBA,7V1420-707,U006,D14PF,F15,B271,3600,4514,4515,2520,4200,3592,4500,4500,4500,4490,3600,4475,4475,4475,4564,3651,4564,4564,4564,4564,4564,4564,4564,4564
TMMCBA,7V1470-701,U006,B15,B10,D796,2949,3695,3705,2071,3439,2943,3637,3697,3722,3856,3160,3929,3926,3919,3797,3038,3797,3797,3797,3797,3797,3797,3797,3797
TMMCBA,7V2070-707-C3,U006,D13,F49,M770,3600,4514,4515,2520,4200,3592,4500,4500,4500,4490,3600,4475,4475,4475,4564,3651,4564,4564,4564,4564,4564,4564,4564,4564
TMMCBA,7V2420-707,U006,D14PF,F13,D190,3600,4514,4515,2520,4200,3592,4500,4500,4500,4490,3600,4475,4475,4475,4564,3651,4564,4564,4564,4564,4564,4564,4564,4564
MTMUS,7V1770-707,U050,D13,F4E,NBUZ,0,0,260,0,260,260,260,260,260,90,144,450,1300,1300,1300,1300,1300,1300,1300,1300,1300,780,1300,1300
MTMUS,7V2070-707-C3,U050,D13,F4F,NBV0,0,0,260,0,260,260,260,260,260,90,144,450,1300,1300,1300,1300,1300,1300,1300,1300,1300,780,1300,1300
TBAKI,7V1670-701,U049,B15,MF1,T072,352,352,352,0,352,352,352,352,352,128,192,272,1300,1300,1300,1300,1300,1300,1300,1300,1300,780,1300,1300
TBAKI,7V2670-701,U049,B15,MF1,T073,240,240,240,0,256,256,256,256,256,96,128,192,910,910,910,910,910,910,910,910,910,546,910,910
TBAKI,7V2680-701,U049,B15,MF1,T074,96,96,96,0,112,112,112,112,112,48,48,80,390,390,390,390,390,390,390,390,390,234,390,390
TMMN1,7V2074-707-A3,C007,D13,F48,N8G7,43,53,53,43,99,78,70,56,59,40,51,56,61,61,51,41,51,51,51,51,51,31,51,51
TMMN1,7V2070-707-C3,C007,D13,F47,N8G8,2818,3487,3487,2109,4508,3647,4380,3594,4265,3557,2870,4247,3580,4283,3569,2855,3569,3569,3569,3569,3569,2141,3569,3569
TMMN1,7V1074-707-A1,C007,D13,F48,N8G5,43,53,53,43,99,78,70,56,59,40,51,56,61,61,51,41,51,51,51,51,51,31,51,51
TMMN1,7V1070-707-C4,C007,D13,F46,N8G6,2818,3487,3487,2109,4508,3647,4380,3594,4265,3557,2870,4247,3580,4283,3569,2855,3569,3569,3569,3569,3569,2141,3569,3569
TMMN1,7V2073-707,C007,D13,F48,NWB2,125,147,147,60,72,63,103,129,184,160,114,162,154,188,157,126,157,157,157,157,157,94,157,157
TMMN1,7V2077-707,C007,D13,F48,NWA7,573,720,720,320,508,408,531,496,613,508,420,624,509,611,509,407,509,509,509,509,509,305,509,509
TMMN1,7V2071-707-C1,C007,D13,F48,NZG9,35,44,44,18,18,12,24,5,0,0,0,0,0,0,0,0,0,0,0,0,0,0,0,0
TMMN1,7V1073-707,C007,D13,F48,NWA0,125,147,147,60,72,63,103,129,184,160,114,162,154,188,157,126,157,157,157,157,157,94,157,157
TMMN1,7V1077-707,C007,D13,F48,NVY4,573,720,720,320,508,408,531,496,613,508,420,624,509,611,509,407,509,509,509,509,509,305,509,509
TMMN1,7V1071-707-C1,C007,D13,F48,NZG7,35,44,44,18,18,12,24,5,0,0,0,0,0,0,0,0,0,0,0,0,0,0,0,0
TMMN1,7V2210-707,C007,D14,F60,NWE3,573,720,720,320,508,408,531,496,613,508,420,624,509,611,509,407,509,509,509,509,509,305,509,509
TMMN1,7V2214-707,C007,D14,F60,NWF7,125,147,147,60,72,63,103,129,184,160,114,162,154,188,157,126,157,157,157,157,157,94,157,157
TMMN1,7V2211-707,C007,D14,F60,NZJ1,35,44,44,18,18,12,24,5,0,0,0,0,0,0,0,0,0,0,0,0,0,0,0,0
TMMN1,7M5120-707,C007,D12,F51,NWB6,573,720,720,320,508,408,531,496,613,508,420,624,509,611,509,407,509,509,509,509,509,305,509,509
TMMN1,7M5124-707,C007,D12,F51,NWB5,125,147,147,60,72,63,103,129,184,160,114,162,154,188,157,126,157,157,157,157,157,94,157,157
TMMN1,7M5121-707,C007,D12,F51,NZH2,35,44,44,18,18,12,24,5,0,0,0,0,0,0,0,0,0,0,0,0,0,0,0,0
TMMN1,7V1210-707,C007,D14,F60,NWB7,573,720,720,320,508,408,531,496,613,508,420,624,509,611,509,407,509,509,509,509,509,305,509,509
TMMN1,7V1214-707,C007,D14,F60,NWC5,125,147,147,60,72,63,103,129,184,160,114,162,154,188,157,126,157,157,157,157,157,94,157,157
TMMN1,7V1211-707,C007,D14,F60,NZH9,35,44,44,18,18,12,24,5,0,0,0,0,0,0,0,0,0,0,0,0,0,0,0,0
TMMN1,7M9050-701,C007,B15,CF1,NWG2,323,395,395,163,230,190,351,450,586,490,301,443,373,518,432,346,432,432,432,432,432,259,432,432
TMMN1,7M9060-701,C007,B15,CF1,NWG3,389,496,496,218,333,269,270,171,211,178,233,343,290,281,234,187,234,234,234,234,234,140,234,234
TMMN1,7M9030-701,C007,B15,CF1,NWF9,323,395,395,163,230,190,351,450,586,490,301,443,373,518,432,346,432,432,432,432,432,259,432,432
TMMN1,7M9040-701,C007,B15,CF1,NWG0,389,496,496,218,333,269,270,171,211,178,233,343,290,281,234,187,234,234,234,234,234,140,234,234
TMMN1,7M9210-701,C007,B15,CF1,NVZ8,21,21,21,16,35,24,37,8,0,0,0,0,0,0,0,0,0,0,0,0,0,0,0,0
TMMN1,7M9200-701,C007,B15,CF1,NVZ7,21,21,21,16,35,24,37,8,0,0,0,0,0,0,0,0,0,0,0,0,0,0,0,0
TMMN1,7V2079-707-D1,C007,D13,F48,NYE2,118,148,148,114,283,232,219,161,207,175,132,198,165,204,170,136,170,170,170,170,170,102,170,170
TMMN1,7V1079-707-D1,C007,D13,F48,NYE0,118,148,148,114,283,232,219,161,207,175,132,198,165,204,170,136,170,170,170,170,170,102,170,170
TMMN2,7V2074-707-A3,C007,D13,F48,N8G7,41,46,46,33,61,49,55,43,49,39,47,69,63,71,59,47,59,59,59,59,59,35,59,59
TMMN2,7V2070-707-C3,C007,D13,F47,N8G8,4119,5153,5153,2930,6179,5051,6064,5056,6071,5061,4067,5931,5032,6322,5394,4315,5394,5394,5394,5394,5394,3236,5394,5394
TMMN2,7V1074-707-A1,C007,D13,F48,N8G5,41,46,46,33,61,49,55,43,49,39,47,69,63,71,59,47,59,59,59,59,59,35,59,59
TMMN2,7V1070-707-C4,C007,D13,F46,N8G6,2456,3076,3076,1768,3734,3052,3657,3056,3671,3061,2452,3576,3033,3649,3041,2433,3041,3041,3041,3041,3041,1825,3041,3041
TMMN2,7V1390-707-C3,C007,D13,F45,NQF3,1663,2078,2078,1162,2445,1999,2408,2000,2400,2000,1615,2355,1999,2508,2140,1712,2140,2140,2140,2140,2140,1284,2140,2140
TMMN2,7V1420-707,C007,D14PF,F15,N4J6,1663,2078,2078,1162,2445,1999,2408,2000,2400,2000,1615,2355,1999,2508,2140,1712,2140,2140,2140,2140,2140,1284,2140,2140
TMMN2,7V2420-707,C007,D14PF,F13,N4J8,1663,2078,2078,1162,2445,1999,2408,2000,2400,2000,1615,2355,1999,2508,2140,1712,2140,2140,2140,2140,2140,1284,2140,2140
TMMN2,7V1470-701,C007,B15,B10,N9B9,1663,2078,2078,1162,2445,1999,2408,2000,2400,2000,1615,2355,1999,2508,2140,1712,2140,2140,2140,2140,2140,1284,2140,2140
TMMN2,7M9120-701,C007,B15,CF3,N9C1,1663,2078,2078,1162,2445,1999,2408,2000,2400,2000,1615,2355,1999,2508,2140,1712,2140,2140,2140,2140,2140,1284,2140,2140
TMMSL,7V2740-707,C007,D13,F44,SVK4,82,112,112,0,98,108,136,108,126,85,0,0,0,0,0,0,0,0,0,0,0,0,0,0
TMMSL,7V2748-707,C007,D13,F44,SVY9,226,313,313,0,309,313,375,232,0,0,0,0,0,0,0,0,0,0,0,0,0,0,0,0
TMMSL,7V2743-707,C007,D13,F44,SVJ1,479,555,555,0,573,580,689,660,1074,770,0,0,0,0,0,0,0,0,0,0,0,0,0,0
TMMSL,7V2740-707-C3,C007,D13,F44,SJKU,0,0,0,0,100,100,100,100,100,145,808,1172,997,1205,1004,803,1004,1004,1004,1004,1004,602,1004,1004
TMMSL,7V1740-707,C007,D13,F44,SVH4,82,112,112,0,98,108,136,108,126,85,0,0,0,0,0,0,0,0,0,0,0,0,0,0
TMMSL,7V1748-707,C007,D13,F44,SVH6,226,313,313,0,309,313,375,232,0,0,0,0,0,0,0,0,0,0,0,0,0,0,0,0
TMMSL,7V1743-707,C007,D13,F44,ST23,479,555,555,0,573,580,689,660,1074,770,0,0,0,0,0,0,0,0,0,0,0,0,0,0
TMMSL,7V1740-707-C3,C007,D13,F44,SJKS,0,0,0,0,100,100,100,100,100,145,808,1172,997,1205,1004,803,1004,1004,1004,1004,1004,602,1004,1004
TMMSL,730428-067,C007,Misc,C10,STS5,2364,2940,2940,0,2940,3000,3600,3000,3600,3000,2424,3516,2991,3600,3000,2400,3000,3000,3000,3000,3000,1800,3000,3000
TMMSL,7V2750-707,C007,D14PF,F60,SW66,562,667,667,0,671,687,825,768,1200,1000,808,1172,997,1200,1000,800,1000,1000,1000,1000,1000,600,1000,1000
TMMSL,7V2758-707,C007,D14PF,F60,SW67,226,313,313,0,309,313,375,232,0,0,0,0,0,0,0,0,0,0,0,0,0,0,0,0
TMMSL,7M5390-707,C007,D12,F51,SVZ0,562,667,667,0,671,687,825,768,1200,1000,808,1172,997,1200,1000,800,1000,1000,1000,1000,1000,600,1000,1000
TMMSL,7M5398-707,C007,D12,F51,SVZ1,226,313,313,0,309,313,375,232,0,0,0,0,0,0,0,0,0,0,0,0,0,0,0,0
TMMSL,7V1750-707,C007,D14PF,F60,SVZ4,562,667,667,0,671,687,825,768,1200,1000,808,1172,997,1200,1000,800,1000,1000,1000,1000,1000,600,1000,1000
TMMSL,7V1758-707,C007,D14PF,F60,SW00,226,313,313,0,309,313,375,232,0,0,0,0,0,0,0,0,0,0,0,0,0,0,0,0
TMMSL,7M9070-701,C007,B15,CF1,STN8,333,419,419,0,423,450,559,508,759,635,530,768,656,762,635,508,635,635,635,635,635,381,635,635
TMMSL,7M9078-701,C007,B15,CF1,STS4,122,155,155,0,157,152,197,122,0,0,0,0,0,0,0,0,0,0,0,0,0,0,0,0
TMMSL,7M9080-701,C007,B15,CF1,STN1,333,419,419,0,423,450,559,508,759,635,530,768,656,762,635,508,635,635,635,635,635,381,635,635
TMMSL,7M9088-701,C007,B15,CF1,STN6,122,155,155,0,157,152,197,122,0,0,0,0,0,0,0,0,0,0,0,0,0,0,0,0
TMMSL,7M9250-701,C007,B15,CF1,SBE5,197,214,214,0,212,210,228,222,379,312,238,346,291,374,312,250,312,312,312,312,312,187,312,312
TMMSL,7M9258-701,C007,B15,CF1,SBE6,98,144,144,0,140,138,154,96,0,0,0,0,0,0,0,0,0,0,0,0,0,0,0,0
TMMSL,7M9240-701,C007,B15,CF1,SBE7,197,214,214,0,212,210,228,222,379,312,238,346,291,374,312,250,312,312,312,312,312,187,312,312
TMMSL,7M9248-701,C007,B15,CF1,SBF0,98,144,144,0,140,138,154,96,0,0,0,0,0,0,0,0,0,0,0,0,0,0,0,0
TMMSL,7M9230-701,C007,B15,CF1,SLY4,32,34,34,0,36,27,37,38,62,52,40,58,50,62,52,42,52,52,52,52,52,31,52,52
TMMSL,7M9238-701,C007,B15,CF1,SLY5,6,14,14,0,12,22,24,13,0,0,0,0,0,0,0,0,0,0,0,0,0,0,0,0
TMMSL,7M9220-701,C007,B15,CF1,SLY0,32,34,34,0,36,27,37,38,62,52,40,58,50,62,52,42,52,52,52,52,52,31,52,52
TMMSL,7M9228-701,C007,B15,CF1,SLY1,6,14,14,0,12,22,24,13,0,0,0,0,0,0,0,0,0,0,0,0,0,0,0,0
TBCA,7V2390-701-C0,U013,B15,CF5,SFA066,2131,2713,2616,576,2788,2254,2556,2135,2097,2265,1941,2399,2402,2413,2383,1906,2383,2383,2383,2383,2383,2383,2383,2383
TBCA,7V2400-701-C0,U013,B15,CF7,SFA069,4699,5803,5806,2035,5360,4546,5956,6373,6411,6227,4863,6086,6085,6066,6348,5078,6348,6348,6348,6348,6348,6348,6348,6348
TBCA,7V1660-701-C0,U013,B15,CF4,SFA217,6830,8516,8422,2611,8148,6800,8512,8508,8508,8492,6804,8485,8487,8479,8731,6985,8731,8731,8731,8731,8731,8731,8731,8731
TBCA,7M5240-707,U013,D12,F52,SRA015,6830,8516,8422,2611,8148,6800,8512,8508,8508,8492,6804,8485,8487,8479,8731,6985,8731,8731,8731,8731,8731,8731,8731,8731
ELMIRA,A1531-201B,U014,B15,C30,FKIT12,2050,2621,2102,0,2084,1945,2431,2473,2471,2516,2011,2511,2505,2495,2495,1996,2495,2495,2495,2495,2495,2495,2495,2495
ELMIRA,A1518-201B,U014,B15,C30,FKIT15,2050,2621,2102,0,2084,1945,2431,2473,2471,2516,2011,2511,2505,2495,2495,1996,2495,2495,2495,2495,2495,2495,2495,2495
ELMIRA,A1526-201B,U014,SIR,F51,RS4018,2050,2621,2102,0,2084,1945,2431,2473,2471,2516,2011,2511,2505,2495,2495,1996,2495,2495,2495,2495,2495,2495,2495,2495
ELMIRA,A1628-201B,U014,B15,CF1,RS2018,2050,2621,2102,0,2084,1945,2431,2473,2471,2516,2011,2511,2505,2495,2495,1996,2495,2495,2495,2495,2495,2495,2495,2495
ELMIRA,A1630-201B,U014,B15,C30,RS5012,2050,2621,2102,0,2084,1945,2431,2473,2471,2516,2011,2511,2505,2495,2495,1996,2495,2495,2495,2495,2495,2495,2495,2495
ELMIRA,A1629-201B,U014,B15,CF1,RS5015,2050,2621,2102,0,2084,1945,2431,2473,2471,2516,2011,2511,2505,2495,2495,1996,2495,2495,2495,2495,2495,2495,2495,2495
SIA,7V1630-707,C017,D9CPF,F54,TU92,0,2281,1910,0,2230,1945,2244,1950,2281,1923,1565,2320,1910,2311,2166,1446,1970,1970,1970,1970,1970,1182,1970,1970
SIA,7V2630-707,C017,D9CPF,F54,TG4A,0,2281,1910,0,2230,1945,2244,1950,2281,1923,1565,2320,1910,2311,2166,1446,1970,1970,1970,1970,1970,1182,1970,1970
NHK,7M5090-707,C017,SIR,F54,TGHC,0,380,327,0,360,290,319,297,317,318,152,298,211,272,371,242,266,266,266,266,266,160,266,266
NHK,7M5094-707,C017,SIR,F54,0KS4,0,125,104,0,127,109,116,91,115,67,40,119,85,111,156,82,111,111,111,111,111,67,111,111
SIA,7V1650-707,C017,D12,F54,T3N8,0,2281,1910,0,2230,1945,2244,1950,2281,1923,1565,2320,1910,2311,2166,1446,1970,1970,1970,1970,1970,1182,1970,1970
SIA,7V2650-707,C017,D12,F54,TZS3,0,2281,1910,0,2230,1945,2244,1950,2281,1923,1565,2320,1910,2311,2166,1446,1970,1970,1970,1970,1970,1182,1970,1970
SIA,7M5370-707,C017,D12,F54,TU6X,0,2281,1910,0,2230,1945,2244,1950,2281,1923,1565,2320,1910,2311,2166,1446,1970,1970,1970,1970,1970,1182,1970,1970
NHK,7V1630-701,C017,B15,CF9,TB40,960,1920,0,0,0,0,0,0,0,0,0,0,0,0,0,0,0,0,0,0,0,0,0,0
NHK,7V1880-701,C017,B15,CF9,0GEX,0,0,1777,0,1777,1549,1779,1591,1838,1659,1363,1968,1612,1984,1805,1222,1584,1584,1584,1584,1584,950,1584,1584
NHK,7V1634-701,C017,B15,CF9,TQYN,576,288,0,0,0,0,0,0,0,0,0,0,0,0,0,0,0,0,0,0,0,0,0,0
NHK,7V1884-701,C017,B15,CF9,0X8C,0,0,453,0,453,396,465,359,443,264,202,352,298,327,361,224,386,386,386,386,386,232,386,386
NHK,7V2630-701,C017,B15,CF9,TK2X,288,288,0,0,0,0,0,0,0,0,0,0,0,0,0,0,0,0,0,0,0,0,0,0
NHK,7V2880-701,C017,B15,CF9,0LLA,0,0,360,0,360,290,319,297,317,318,152,298,211,272,371,242,266,266,266,266,266,160,266,266
NHK,7V2634-701,C017,B15,CF9,TZQE,192,192,0,0,0,0,0,0,0,0,0,0,0,0,0,0,0,0,0,0,0,0,0,0
NHK,7V2884-701,C017,B15,CF9,0ZSW,0,0,127,0,127,109,116,91,115,67,40,119,85,111,156,82,111,111,111,111,111,67,111,111
NHK,7V2640-701,C017,B15,CF9,T1FP,0,1920,0,0,0,0,0,0,0,0,0,0,0,0,0,0,0,0,0,0,0,0,0,0
NHK,7V2890-701,C017,B15,CF9,0XEW,0,0,1417,0,1417,1259,1460,1294,1521,1341,1211,1670,1401,1711,1434,981,1318,1318,1318,1318,1318,791,1318,1318
NHK,7V2644-701,C017,B15,CF9,T2R1,384,576,0,0,0,0,0,0,0,0,0,0,0,0,0,0,0,0,0,0,0,0,0,0
NHK,7V2894-701,C017,B15,CF9,0LSE,0,0,326,0,326,287,349,268,328,197,162,233,213,216,205,142,275,275,275,275,275,165,275,275
NHK,7M5350-701,C017,B15,CF1,TUJ2,288,0,0,0,0,0,0,0,0,0,0,0,0,0,0,0,0,0,0,0,0,0,0,0
NHK,7M5420-701,C017,B15,CF1,0F4N,0,0,360,0,360,290,319,297,317,318,152,298,211,272,371,242,266,266,266,266,266,160,266,266
NHK,7M5354-701,C017,B15,CF1,TM1X,0,0,0,0,0,0,0,0,0,0,0,0,0,0,0,0,0,0,0,0,0,0,0,0
NHK,7M5424-701,C017,B15,CF1,0J40,0,0,127,0,127,109,116,91,115,67,40,119,85,111,156,82,111,111,111,111,111,67,111,111
NHK,7V1650-701,C017,B15,CF9,0THH,2880,1920,0,0,0,0,0,0,0,0,0,0,0,0,0,0,0,0,0,0,0,0,0,0
NHK,7V1910-701,C017,B15,CF9,05ZW,0,0,1777,0,1777,1549,1779,1591,1838,1659,1363,1968,1612,1984,1805,1222,1584,1584,1584,1584,1584,950,1584,1584
NHK,7V1654-701,C017,B15,CF9,0N9A,576,576,0,0,0,0,0,0,0,0,0,0,0,0,0,0,0,0,0,0,0,0,0,0
NHK,7V1914-701,C017,B15,CF9,0YVD,0,0,453,0,453,396,465,359,443,264,202,352,298,327,361,224,386,386,386,386,386,232,386,386
NHK,7M5100-710,C017,BKLE,C30,TFKC,0,1832,1526,0,1777,1549,1779,1591,1838,1659,1363,1968,1612,1984,1805,1222,1584,1584,1584,1584,1584,950,1584,1584
NHK,7M5104-710,C017,BKLE,C30,0QJV,0,449,384,0,453,396,465,359,443,264,202,352,298,327,361,224,386,386,386,386,386,232,386,386
NHK,7M9170-701,C017,B15,CF1,0JT1,1440,2880,0,0,0,0,0,0,0,0,0,0,0,0,0,0,0,0,0,0,0,0,0,0
NHK,7M9280-701,C017,B15,CF1,0KJE,0,0,2230,0,2230,1945,2244,1950,2281,1923,1565,2320,1910,2311,2166,1446,1970,1970,1970,1970,1970,1182,1970,1970
TMMH8,7M5330-707,C028,D12,F58,HRV3,440,550,678,259,629,639,793,650,795,659,534,676,960,845,704,563,704,704,704,704,704,422,704,704
TMMH8,7M5334-707,C028,D12,F58,HRU4,291,365,458,173,374,309,382,333,398,336,264,341,478,438,365,292,365,365,365,365,365,219,365,365
TMMH8,7M5337-707,C028,D12,F58,HRU7,1248,1560,2076,850,1588,1825,2268,1891,2255,1855,1501,1843,1956,2135,1779,1423,1779,1779,1779,1779,1779,1067,1779,1779
TMMH8,7M5344-707,C028,D12,F58,HRV5,8,10,0,0,0,6,0,0,0,0,0,0,1,0,0,0,0,0,0,0,0,0,0,0
TMMH8,7M5347-707,C028,D12,F58,HRV6,70,90,5,0,1,82,0,0,0,0,0,2,15,18,15,12,15,15,15,15,15,9,15,15
TMMH8,7V2590-707-C3,C028,D13,F4E,HRR9,440,550,678,259,629,639,793,650,795,659,534,676,960,845,704,563,704,704,704,704,704,422,704,704
TMMH8,7V2594-707-A1,C028,D13,F4E,HRQ0,291,365,458,173,374,309,382,333,398,336,264,341,478,438,365,292,365,365,365,365,365,219,365,365
TMMH8,7V2597-707-B1,C028,D13,F4E,HRR7,1248,1560,2076,850,1588,1825,2268,1891,2255,1855,1501,1843,1956,2135,1779,1423,1779,1779,1779,1779,1779,1067,1779,1779
TMMH8,7V2604-707-A1,C028,D13,F4E,HRS1,8,10,0,0,0,6,0,0,0,0,0,0,1,0,0,0,0,0,0,0,0,0,0,0
TMMH8,7V2607-707-B1,C028,D13,F4E,HRS5,70,90,5,0,1,82,0,0,0,0,0,2,15,18,15,12,15,15,15,15,15,9,15,15
TMMH8,7V2610-707,C028,D12,F58,HRX3,440,550,678,259,629,639,793,650,795,659,534,676,960,845,704,563,704,704,704,704,704,422,704,704
TMMH8,7V2614-707,C028,D12,F58,HRX0,101,125,174,65,88,83,127,110,114,89,73,101,138,125,104,83,104,104,104,104,104,62,104,104
TMMH8,7V2616-707,C028,D12,F58,HRW8,190,240,285,107,286,226,255,223,284,247,191,240,340,313,261,209,261,261,261,261,261,157,261,261
TMMH8,7V2617-707,C028,D12,F58,HRX1,1248,1560,2076,850,1588,1825,2268,1891,2255,1855,1501,1843,1956,2135,1779,1423,1779,1779,1779,1779,1779,1067,1779,1779
TMMH8,7V2624-707,C028,D12,F58,HRY3,0,0,0,0,0,3,0,0,0,0,0,0,1,0,0,0,0,0,0,0,0,0,0,0
TMMH8,7V2626-707,C028,D12,F58,HRX9,8,10,0,0,0,3,0,0,0,0,0,0,0,0,0,0,0,0,0,0,0,0,0,0
TMMH8,7V2627-707,C028,D12,F58,HRY7,70,90,5,0,1,82,0,0,0,0,0,2,15,18,15,12,15,15,15,15,15,9,15,15
TMMH8,7V1604-707-A1,C028,D13,F4E,HRM7,8,10,0,0,0,6,0,0,0,0,0,0,1,0,0,0,0,0,0,0,0,0,0,0
TMMH8,7V1607-707-B1,C028,D13,F4E,HRN4,70,90,5,0,1,82,0,0,0,0,0,2,15,18,15,12,15,15,15,15,15,9,15,15
TMMH8,7V1590-707-C3,C028,D13,F4E,HRK7,440,550,678,259,629,639,793,650,795,659,534,676,960,845,704,563,704,704,704,704,704,422,704,704
TMMH8,7V1594-707-A1,C028,D13,F4E,HRJ8,291,365,458,173,374,309,382,333,398,336,264,341,478,438,365,292,365,365,365,365,365,219,365,365
TMMH8,7V1597-707-B1,C028,D13,F4E,HRK4,1248,1560,2076,850,1588,1825,2268,1891,2255,1855,1501,1843,1956,2135,1779,1423,1779,1779,1779,1779,1779,1067,1779,1779
TMMH8,7V1610-707,C028,D12,F58,HRW4,440,550,678,259,629,639,793,650,795,659,534,676,960,845,704,563,704,704,704,704,704,422,704,704
TMMH8,7V1614-707,C028,D12,F58,HRV9,101,125,174,65,88,83,127,110,114,89,73,101,138,125,104,83,104,104,104,104,104,62,104,104
TMMH8,7V1616-707,C028,D12,F58,HRV7,190,240,285,107,286,226,255,223,284,247,191,240,340,313,261,209,261,261,261,261,261,157,261,261
TMMH8,7V1617-707,C028,D12,F58,HRW0,1248,1560,2076,850,1588,1825,2268,1891,2255,1855,1501,1843,1956,2135,1779,1423,1779,1779,1779,1779,1779,1067,1779,1779
TMMH8,7V1624-707,C028,D12,F58,HRW6,0,0,0,0,0,3,0,0,0,0,0,0,1,0,0,0,0,0,0,0,0,0,0,0
TMMH8,7V1626-707,C028,D12,F58,HRW5,8,10,0,0,0,3,0,0,0,0,0,0,0,0,0,0,0,0,0,0,0,0,0,0
TMMH8,7V1627-707,C028,D12,F58,HRW7,70,90,5,0,1,82,0,0,0,0,0,2,15,18,15,12,15,15,15,15,15,9,15,15
TMMH8,7V2704-707,C028,D13,F4D,HAM0,190,240,256,125,142,159,168,133,143,124,143,151,167,217,181,145,181,181,181,181,181,109,181,181
TMMH8,7V2707-707,C028,D13,F4D,HAM1,500,625,629,240,609,574,713,590,745,611,472,574,665,664,553,442,553,553,553,553,553,332,553,553
TMMH8,7V2700-707,C028,D13,F4D,HAM2,822,1030,1218,478,941,945,1146,964,1136,936,734,956,1170,1136,947,758,947,947,947,947,947,568,947,947
TMMH8,7V1390-707-C3,C028,D13,F4C,HLE2,822,1030,1218,478,941,945,1146,964,1136,936,734,956,1170,1136,947,758,947,947,947,947,947,568,947,947
TMMH8,7V1397-707-B2,C028,D13,F4C,HLE1,500,625,629,240,609,574,713,590,745,611,472,574,665,664,553,442,553,553,553,553,553,332,553,553
TMMH8,7V1394-707-A2,C028,D13,F4C,HLD7,190,240,256,125,142,159,168,133,143,124,143,151,167,217,181,145,181,181,181,181,181,109,181,181
TMMH8,7V2490-707,C028,D12,F56,HLQ5,822,1030,1218,478,941,945,1146,964,1136,936,734,956,1170,0,0,0,0,0,0,0,0,0,0,0
TMMH8,7V2494-707,C028,D12,F56,HLQ2,190,240,256,125,142,159,168,133,143,124,143,151,167,0,0,0,0,0,0,0,0,0,0,0
TMMH8,7V2497-707,C028,D12,F56,HLQ3,500,625,629,240,609,574,713,590,745,611,472,574,665,0,0,0,0,0,0,0,0,0,0,0
TMMH8,7V2780-707,C028,D9CPF,F56,HCEN,0,0,0,0,0,0,207,207,207,207,207,207,207,1136,947,758,947,947,947,947,947,568,947,947
TMMH8,7V2784-707,C028,D9CPF,F56,HCEL,0,0,0,0,0,0,34,34,34,34,34,34,34,217,181,145,181,181,181,181,181,109,181,181
TMMH8,7V2787-707,C028,D9CPF,F56,HCEM,0,0,0,0,0,0,124,124,124,124,124,124,124,664,553,442,553,553,553,553,553,332,553,553
TMMH8,7V1490-707,C028,D12,F56,HLM9,822,1030,1218,478,941,945,1146,964,1136,936,734,956,1170,0,0,0,0,0,0,0,0,0,0,0
TMMH8,7V1494-707,C028,D12,F57,HLL6,190,240,256,125,142,159,168,133,143,124,143,151,167,0,0,0,0,0,0,0,0,0,0,0
TMMH8,7V1497-707,C028,D12,F57,HLL7,500,625,629,240,609,574,713,590,745,611,472,574,665,0,0,0,0,0,0,0,0,0,0,0
TMMH8,7V1780-707,C028,D9CPF,F57,HCEK,0,0,0,0,0,0,207,207,207,207,207,207,207,1136,947,758,947,947,947,947,947,568,947,947
TMMH8,7V1784-707,C028,D9CPF,F57,HCEH,0,0,0,0,0,0,34,34,34,34,34,34,34,217,181,145,181,181,181,181,181,109,181,181
TMMH8,7V1787-707,C028,D9CPF,F57,HCEJ,0,0,0,0,0,0,124,124,124,124,124,124,124,664,553,442,553,553,553,553,553,332,553,553
TMMH8,7V2520-707,C028,D12,F57,HLX4,822,1030,1218,478,941,945,1146,964,1136,936,734,956,1170,1136,947,758,947,947,947,947,947,568,947,947
TMMH8,7V2524-707,C028,D12,F57,HLX1,190,240,256,125,142,159,168,133,143,124,143,151,167,217,181,145,181,181,181,181,181,109,181,181
TMMH8,7V2527-707,C028,D12,F55,HLX2,500,625,629,240,609,574,713,590,745,611,472,574,665,664,553,442,553,553,553,553,553,332,553,553
TMMH8,7M5320-707,C028,D12,F51,HLR7,822,1030,1218,478,941,945,1146,964,1136,936,734,956,1170,1136,947,758,947,947,947,947,947,568,947,947
TMMH8,7M5324-707,C028,D12,F51,HLR5,190,240,256,125,142,159,168,133,143,124,143,151,167,217,181,145,181,181,181,181,181,109,181,181
TMMH8,7M5327-707,C028,D12,F51,HLR6,500,625,629,240,609,574,713,590,745,611,472,574,665,664,553,442,553,553,553,553,553,332,553,553
TMMH8,7V1520-707,C028,D12,F55,HLU0,822,1030,1218,478,941,945,1146,964,1136,936,734,956,1170,1136,947,758,947,947,947,947,947,568,947,947
TMMH8,7V1524-707,C028,D12,F55,HLT8,190,240,256,125,142,159,168,133,143,124,143,151,167,217,181,145,181,181,181,181,181,109,181,181
TMMH8,7V1527-707,C028,D12,F55,HLT9,500,625,629,240,609,574,713,590,745,611,472,574,665,664,553,442,553,553,553,553,553,332,553,553
TMMM8,7V1127-707,C028,D11PF,F35,MK31,34,45,48,12,47,56,72,61,78,67,73,78,90,94,78,62,78,78,78,78,78,47,78,0
TMMM8,7V1120-707,C028,D11PF,F35,MK37,77,95,118,47,91,72,93,81,91,73,39,60,71,72,60,48,60,60,60,60,60,36,60,0
TMMM8,7V1124-707,C028,D11PF,F35,MK38,6,10,10,10,2,12,5,0,0,1,2,3,5,4,3,2,3,3,3,3,3,2,3,0
TMMM8,7V2127-707,C028,D11PF,F35,MK39,34,45,48,12,47,56,72,61,78,67,73,78,90,94,78,62,78,78,78,78,78,47,78,0
TMMM8,7V2120-707,C028,D11PF,F35,MK40,77,95,118,47,91,72,93,81,91,73,39,60,71,72,60,48,60,60,60,60,60,36,60,0
TMMM8,7V2124-707,C028,D11PF,F35,MK41,6,10,10,10,2,12,5,0,0,1,2,3,5,4,3,2,3,3,3,3,3,2,3,0
TMMM8,7V1147-707,C028,D10,F20,MK43,34,45,48,12,47,56,72,61,78,67,73,78,90,94,78,62,78,78,78,78,78,47,78,0
TMMM8,7V1140-707,C028,D10,F20,MK44,77,95,118,47,91,72,93,81,91,73,39,60,71,72,60,48,60,60,60,60,60,36,60,0
TMMM8,7V1144-707,C028,D10,F20,MK45,6,10,10,10,2,12,5,0,0,1,2,3,5,4,3,2,3,3,3,3,3,2,3,0
TMMM8,7V2147-707,C028,D10,F20,MK46,34,45,48,12,47,56,72,61,78,67,73,78,90,94,78,62,78,78,78,78,78,47,78,0
TMMM8,7V2140-707,C028,D10,F20,MK49,77,95,118,47,91,72,93,81,91,73,39,60,71,72,60,48,60,60,60,60,60,36,60,0
TMMM8,7V2144-707,C028,D10,F20,MK50,6,10,10,10,2,12,5,0,0,1,2,3,5,4,3,2,3,3,3,3,3,2,3,0
TMMM8,7M5227-707,C028,D6,F06,MK51,34,45,48,12,47,56,72,61,78,67,73,78,90,94,78,62,78,78,78,78,78,47,78,0
TMMM8,7M5220-707,C028,D6,F06,MK52,77,95,118,47,91,72,93,81,91,73,39,60,71,72,60,48,60,60,60,60,60,36,60,0
TMMM8,7M5224-707,C028,D6,F06,MK53,6,10,10,10,2,12,5,0,0,1,2,3,5,4,3,2,3,3,3,3,3,2,3,0
TMMM8,7V1157-707,C028,D10,F20,MK65,34,45,48,12,47,56,72,61,78,67,73,78,90,94,78,62,78,78,78,78,78,47,78,0
TMMM8,7V1150-707,C028,D10,F20,MK66,77,95,118,47,91,72,93,81,91,73,39,60,71,72,60,48,60,60,60,60,60,36,60,0
TMMM8,7V1154-707,C028,D10,F20,MK67,6,10,10,10,2,12,5,0,0,1,2,3,5,4,3,2,3,3,3,3,3,2,3,0
TMMM8,7V2167-707,C028,D10,F20,MK69,24,30,37,11,41,35,49,36,43,24,10,10,38,12,10,8,10,10,10,10,10,6,10,0
TMMM8,7V2160-707,C028,D10,F20,MK71,71,90,96,35,78,44,64,56,56,41,32,47,44,56,47,38,47,47,47,47,47,28,47,0
TMMM8,7V2164-707,C028,D10,F20,MK72,6,10,10,10,2,10,5,0,0,1,0,0,5,0,0,0,0,0,0,0,0,0,0,0
TMMM8,7V2157-707,C028,D10,F20,MK74,11,15,11,1,6,21,23,25,35,43,63,67,53,80,67,54,67,67,67,67,67,40,67,0
TMMM8,7V2150-707,C028,D10,F20,MK75,6,10,22,12,13,28,29,24,35,32,7,14,28,17,14,11,14,14,14,14,14,8,14,0
TMMM8,7V2154-707,C028,D10,F20,MK84,0,0,0,0,0,3,0,0,0,0,2,3,0,4,3,2,3,3,3,3,3,2,3,0
TMMM8,7V2704-707,C028,D13,F4D,MAM0,340,425,504,217,173,350,361,304,337,293,283,334,380,401,334,267,334,334,334,334,334,200,334,334
TMMM8,7V2707-707,C028,D13,F4D,MAM1,729,910,940,360,954,1140,1388,1160,1377,1138,900,1141,1385,1369,1141,913,1141,1141,1141,1141,1141,685,1141,1141
TMMM8,7V2700-707,C028,D13,F4D,MAM2,1792,2240,2522,1003,2111,2578,3129,2644,3165,2605,2083,2596,3079,3115,2596,2077,2596,2596,2596,2596,2596,1558,2596,2596
TMMM8,7V2480-707-C0,C028,D13,F4D,MLF2,569,710,1073,426,800,372,456,386,463,386,307,383,443,460,383,306,383,383,383,383,383,230,383,383
TMMM8,7V2484-707-A0,C028,D13,F4D,MLE9,36,45,82,25,83,20,40,35,38,27,24,24,38,29,24,19,24,24,24,24,24,14,24,24
TMMM8,7V2487-707-B0,C028,D13,F4D,MLF1,125,155,216,96,185,100,95,79,90,79,65,85,107,102,85,68,85,85,85,85,85,51,85,85
TMMM8,7V1480-707-C1,C028,D13,F4C,MLD6,569,710,1073,426,800,372,456,386,463,386,307,383,443,460,383,306,383,383,383,383,383,230,383,383
TMMM8,7V1484-707-A2,C028,D13,F4C,MLD2,36,45,82,25,83,20,40,35,38,27,24,24,38,29,24,19,24,24,24,24,24,14,24,24
TMMM8,7V1487-707-B2,C028,D13,F4C,MLD3,125,155,216,96,185,100,95,79,90,79,65,85,107,102,85,68,85,85,85,85,85,51,85,85
TMMM8,7V1390-707-C3,C028,D13,F4C,MLE2,1792,2240,2522,1003,2111,2578,3129,2644,3165,2605,2083,2596,3079,3115,2596,2077,2596,2596,2596,2596,2596,1558,2596,2596
TMMM8,7V1394-707-A2,C028,D13,F4C,MLD7,340,425,504,217,173,350,361,304,337,293,283,334,380,401,334,267,334,334,334,334,334,200,334,334
TMMM8,7V1397-707-B2,C028,D13,F4C,MLE1,729,910,940,360,954,1140,1388,1160,1377,1138,900,1141,1385,1369,1141,913,1141,1141,1141,1141,1141,685,1141,1141
TMMM8,7V2490-707,C028,D12,F56,MLQ5,1792,2240,2522,1003,2111,2578,3129,2644,3165,2605,2083,2596,3079,0,0,0,0,0,0,0,0,0,0,0
TMMM8,7V2494-707,C028,D12,F56,MLQ2,340,425,504,217,173,350,361,304,337,293,283,334,380,0,0,0,0,0,0,0,0,0,0,0
TMMM8,7V2497-707,C028,D12,F56,MLQ3,729,910,940,360,954,1140,1388,1160,1377,1138,900,1141,1385,0,0,0,0,0,0,0,0,0,0,0
TMMM8,7V2780-707,C028,D9CPF,F56,MCEN,0,0,0,0,0,0,482,482,482,482,482,482,482,3115,2596,2077,2596,2596,2596,2596,2596,1558,2596,2596
TMMM8,7V2784-707,C028,D9CPF,F56,MCEL,0,0,0,0,0,0,76,76,76,76,76,76,76,401,334,267,334,334,334,334,334,200,334,334
TMMM8,7V2787-707,C028,D9CPF,F56,MCEM,0,0,0,0,0,0,219,219,219,219,219,219,219,1369,1141,913,1141,1141,1141,1141,1141,685,1141,1141
TMMM8,7V2510-707,C028,D12,F57,MLR4,120,150,237,91,182,46,53,42,57,51,39,49,50,59,49,39,49,49,49,49,49,29,49,49
TMMM8,7V2514-707,C028,D12,F57,MLQ9,25,30,61,18,56,16,24,25,24,17,16,14,23,17,14,11,14,14,14,14,14,8,14,14
TMMM8,7V2517-707,C028,D12,F57,MLR0,63,80,134,55,75,40,47,43,42,32,37,46,51,55,46,37,46,46,46,46,46,28,46,46
TMMM8,7V2500-707,C028,D14,F33,MLQ8,448,560,836,334,618,326,403,344,406,335,267,334,394,401,334,267,334,334,334,334,334,200,334,334
TMMM8,7V2504-707,C028,D14,F33,MLQ6,10,15,21,7,27,4,16,10,14,11,8,11,14,13,11,9,11,11,11,11,11,7,11,11
TMMM8,7V2507-707,C028,D14,F33,MLQ7,62,80,82,42,110,60,48,36,48,47,27,39,56,47,39,31,39,39,39,39,39,23,39,39
TMMM8,7V1490-707,C028,D12,F56,MLM9,1792,2240,2522,1003,2111,2578,3129,2644,3165,2605,2083,2596,3079,0,0,0,0,0,0,0,0,0,0,0
TMMM8,7V1494-707,C028,D12,F57,MLL6,340,425,504,217,173,350,361,304,337,293,283,334,380,0,0,0,0,0,0,0,0,0,0,0
TMMM8,7V1497-707,C028,D12,F57,MLL7,729,910,940,360,954,1140,1388,1160,1377,1138,900,1141,1385,0,0,0,0,0,0,0,0,0,0,0
TMMM8,7V1780-707,C028,D9CPF,F57,MCEK,0,0,0,0,0,0,482,482,482,482,482,482,482,3115,2596,2077,2596,2596,2596,2596,2596,1558,2596,2596
TMMM8,7V1784-707,C028,D9CPF,F57,MCEH,0,0,0,0,0,0,76,76,76,76,76,76,76,401,334,267,334,334,334,334,334,200,334,334
TMMM8,7V1787-707,C028,D9CPF,F57,MCEJ,0,0,0,0,0,0,219,219,219,219,219,219,219,1369,1141,913,1141,1141,1141,1141,1141,685,1141,1141
TMMM8,7V1510-707,C028,D12,F57,MLP9,120,150,237,91,182,46,53,42,57,51,39,49,50,59,49,39,49,49,49,49,49,29,49,49
TMMM8,7V1514-707,C028,D12,F57,MLP3,25,30,61,18,56,16,24,25,24,17,16,14,23,17,14,11,14,14,14,14,14,8,14,14
TMMM8,7V1517-707,C028,D12,F57,MLP8,63,80,134,55,75,40,47,43,42,32,37,46,51,55,46,37,46,46,46,46,46,28,46,46
TMMM8,7V1500-707,C028,D14,F33,MLP2,448,560,836,334,618,326,403,344,406,335,267,334,394,401,334,267,334,334,334,334,334,200,334,334
TMMM8,7V1504-707,C028,D14,F33,MLN3,10,15,21,7,27,4,16,10,14,11,8,11,14,13,11,9,11,11,11,11,11,7,11,11
TMMM8,7V1507-707,C028,D14,F33,MLN4,62,80,82,42,110,60,48,36,48,47,27,39,56,47,39,31,39,39,39,39,39,23,39,39
TMMM8,7V2520-707,C028,D12,F57,MLX4,1792,2240,2522,1003,2111,2578,3129,2644,3165,2605,2083,2596,3079,3115,2596,2077,2596,2596,2596,2596,2596,1558,2596,2596
TMMM8,7V2524-707,C028,D12,F57,MLX1,340,425,504,217,173,350,361,304,337,293,283,334,380,401,334,267,334,334,334,334,334,200,334,334
TMMM8,7V2527-707,C028,D12,F55,MLX2,729,910,940,360,954,1140,1388,1160,1377,1138,900,1141,1385,1369,1141,913,1141,1141,1141,1141,1141,685,1141,1141
TMMM8,7V2530-707,C028,D12,F57,MLY3,569,710,1073,426,800,372,456,386,463,386,307,383,443,460,383,306,383,383,383,383,383,230,383,383
TMMM8,7V2534-707,C028,D12,F57,MLX5,36,45,82,25,83,20,40,35,38,27,24,24,38,29,24,19,24,24,24,24,24,14,24,24
TMMM8,7V2537-707,C028,D12,F57,MLX7,125,155,216,96,185,100,95,79,90,79,65,85,107,102,85,68,85,85,85,85,85,51,85,85
TMMM8,7M5320-707,C028,D12,F51,MLR7,1792,2240,2522,1003,2111,2578,3129,2644,3165,2605,2083,2596,3079,3115,2596,2077,2596,2596,2596,2596,2596,1558,2596,2596
TMMM8,7M5324-707,C028,D12,F51,MLR5,340,425,504,217,173,350,361,304,337,293,283,334,380,401,334,267,334,334,334,334,334,200,334,334
TMMM8,7M5327-707,C028,D12,F51,MLR6,729,910,940,360,954,1140,1388,1160,1377,1138,900,1141,1385,1369,1141,913,1141,1141,1141,1141,1141,685,1141,1141
TMMM8,7V1520-707,C028,D12,F55,MLU0,1792,2240,2522,1003,2111,2578,3129,2644,3165,2605,2083,2596,3079,3115,2596,2077,2596,2596,2596,2596,2596,1558,2596,2596
TMMM8,7V1524-707,C028,D12,F55,MLT8,340,425,504,217,173,350,361,304,337,293,283,334,380,401,334,267,334,334,334,334,334,200,334,334
TMMM8,7V1527-707,C028,D12,F55,MLT9,729,910,940,360,954,1140,1388,1160,1377,1138,900,1141,1385,1369,1141,913,1141,1141,1141,1141,1141,685,1141,1141
TMMM8,7V1530-707,C028,D12,F57,MLW7,569,710,1073,426,800,372,456,386,463,386,307,383,443,460,383,306,383,383,383,383,383,230,383,383
TMMM8,7V1534-707,C028,D12,F57,MLV4,36,45,82,25,83,20,40,35,38,27,24,24,38,29,24,19,24,24,24,24,24,14,24,24
TMMM8,7V1537-707,C028,D12,F57,MLV8,125,155,216,96,185,100,95,79,90,79,65,85,107,102,85,68,85,85,85,85,85,51,85,85
ATS,A1393-138B,C029,Misc,C30,QSL211,32,40,48,0,48,48,96,64,80,64,64,80,96,115,96,77,96,96,96,96,96,58,96,0
ATS,A1393-201B,C029,Misc,C30,QSL212,64,80,128,16,96,64,64,80,96,64,48,64,64,58,48,38,48,48,48,48,48,29,48,0
ATS,A1393-457B,C029,Misc,C30,QSL213,0,0,16,0,0,16,16,0,0,0,16,0,0,0,0,0,0,0,0,0,0,0,0,0
ATS,A0136,C029,C10,C10,5QS600,3024,3780,4176,720,3312,4320,5040,4320,5040,4320,3312,4320,5040,5184,4320,3456,4320,4320,4320,4320,4320,2592,4320,4320
ATS,7M9097-701,C029,B15,C30,QSL266,28,35,56,0,28,56,112,56,84,56,84,84,84,118,98,78,98,98,98,98,98,59,98,0
ATS,7M9090-701,C029,B15,C30,QSL267,84,105,112,28,84,56,56,84,84,84,28,56,84,50,42,34,42,42,42,42,42,25,42,0
ATS,7M9094-701,C029,B15,C30,QSL268,0,0,0,0,28,0,0,0,0,0,0,0,28,0,0,0,0,0,0,0,0,0,0,0
ATS,7V1137-701,C029,B15,MF2,QSL238,16,20,0,0,0,16,48,32,32,48,48,64,64,86,72,58,72,72,72,72,72,43,72,0
ATS,7V1130-701,C029,B15,MF2,QSL239,0,0,16,0,0,16,0,32,32,32,0,0,16,0,0,0,0,0,0,0,0,0,0,0
ATS,7V1134-701,C029,B15,MF2,QSL240,0,0,0,0,0,16,0,0,0,0,0,0,0,0,0,0,0,0,0,0,0,0,0,0
ATS,7V1127-701,C029,B15,MF2,QSL241,16,20,48,0,48,48,32,32,48,32,0,16,32,19,16,13,16,16,16,16,16,10,16,0
ATS,7V1120-701,C029,B15,MF2,QSL242,64,80,128,16,96,32,64,64,64,32,48,48,48,58,48,38,48,48,48,48,48,29,48,0
ATS,7V1124-701,C029,B15,MF2,QSL243,0,0,16,0,0,16,0,0,0,0,0,0,16,0,0,0,0,0,0,0,0,0,0,0
ATS,7V2127-701,C029,B15,MF2,QSL244,16,20,32,0,16,48,80,48,64,48,80,64,80,96,80,64,80,80,80,80,80,48,80,0
ATS,7V2120-701,C029,B15,MF2,QSL245,64,80,112,16,80,64,48,64,80,64,32,64,64,58,48,38,48,48,48,48,48,29,48,0
ATS,7V2124-701,C029,B15,MF2,QSL246,0,0,0,0,16,0,0,0,0,0,0,0,16,0,0,0,0,0,0,0,0,0,0,0
ATS,7V2137-701,C029,B15,MF2,QSL247,8,10,24,0,32,8,24,8,16,8,8,0,16,14,12,10,12,12,12,12,12,7,12,0
ATS,7V2130-701,C029,B15,MF2,QSL248,8,10,16,8,8,8,8,8,8,16,0,16,8,14,12,10,12,12,12,12,12,7,12,0
ATS,7V2134-701,C029,B15,MF2,QSL249,8,10,0,0,0,8,0,0,0,0,0,0,8,0,0,0,0,0,0,0,0,0,0,0
ATS,7M5077-701,C029,B15,C30,QSL252,16,20,16,0,16,32,64,48,64,48,64,80,64,86,72,58,72,72,72,72,72,43,72,0
ATS,7M5074-701,C029,B15,C30,QSL253,0,0,0,0,0,0,0,0,0,0,16,0,0,0,0,0,0,0,0,0,0,0,0,0
ATS,7V1147-701,C029,B15,C30,QSL254,64,80,96,16,80,112,208,112,160,128,144,160,176,221,184,147,184,184,184,184,184,110,184,0
ATS,7V1140-701,C029,B15,C30,QSL255,144,180,240,32,192,144,144,176,176,144,80,128,144,115,96,77,96,96,96,96,96,58,96,0
ATS,7V1144-701,C029,B15,C30,QSL256,0,0,16,16,0,32,16,0,0,0,16,0,16,0,0,0,0,0,0,0,0,0,0,0
ATS,7V1157-701,C029,B15,C30,QSL257,32,40,48,0,48,48,96,64,80,64,64,80,96,115,96,77,96,96,96,96,96,58,96,0
ATS,7V1150-701,C029,B15,C30,QSL258,64,80,128,16,96,64,64,80,96,64,48,64,64,58,48,38,48,48,48,48,48,29,48,0
ATS,7V1154-701,C029,B15,C30,QSL259,0,0,16,0,0,16,16,0,0,0,16,0,0,0,0,0,0,0,0,0,0,0,0,0
ATS,7M5077-707,C029,D6,F07,QSL250,12,15,18,0,12,30,66,48,60,54,60,78,66,90,75,60,75,75,75,75,75,45,75,0
ATS,7M5074-707,C029,D6,F07,QSL251,0,0,0,6,0,6,0,0,0,0,0,6,0,4,3,2,3,3,3,3,3,2,3,0
ATS,7V2407-701,C029,B15,CF7,1QS515,738,925,945,153,963,1152,1251,1170,1386,1152,909,1152,1395,1318,1098,878,1098,1098,1098,1098,1098,659,1098,1098
ATS,7V2400-701,C029,B15,CF7,1QS516,1809,2260,2547,414,2133,2601,3267,2673,3195,2637,2097,2628,3105,3138,2615,2092,2615,2615,2615,2615,2615,1569,2615,2615
ATS,7V2404-701,C029,B15,CF7,1QS517,342,430,504,81,171,360,405,306,342,297,288,333,387,464,387,310,387,387,387,387,387,232,387,387
ATS,7M5294-707,C029,SIR,F51,3QS602,110,140,160,30,70,90,100,100,110,90,70,90,110,150,125,100,125,125,125,125,125,75,125,125
ATS,7M5297-707,C029,SIR,F51,3QS600,340,425,410,60,440,410,480,410,500,430,330,450,570,576,480,384,480,480,480,480,480,288,480,480
ATS,7M5290-707,C029,SIR,F51,3QS601,620,775,850,130,700,700,900,690,840,710,600,710,910,858,715,572,715,715,715,715,715,429,715,715
ATS,7M5304-707,C029,SIR,F51,3QS605,30,40,90,10,80,20,40,30,40,30,20,30,40,42,35,28,35,35,35,35,35,21,35,35
ATS,7M5307-707,C029,SIR,F51,3QS603,130,165,220,40,180,100,80,80,90,80,70,80,110,114,95,76,95,95,95,95,95,57,95,95
ATS,7M5300-707,C029,SIR,F51,3QS604,580,725,1080,170,810,370,480,390,470,390,310,390,440,438,365,292,365,365,365,365,365,219,365,365
ATS,7V2577-701,C029,B15,CF6,1QS504,9,10,0,0,9,0,0,0,9,9,0,0,0,11,9,7,9,9,9,9,9,5,9,9
ATS,7V2847-701,C029,B15,CF6,1QS627,0,0,0,0,0,0,27,27,27,27,27,27,27,119,99,79,99,99,99,99,99,59,99,99
ATS,7V2570-701,C029,B15,CF6,1QS505,324,405,594,99,459,234,297,243,288,243,171,234,270,173,144,115,144,144,144,144,144,86,144,144
ATS,7V2840-701,C029,B15,CF6,1QS628,0,0,0,0,0,0,27,27,27,27,27,27,27,119,99,79,99,99,99,99,99,59,99,99
ATS,7V2574-701,C029,B15,CF6,1QS506,9,10,18,0,27,9,9,9,9,18,9,9,9,0,0,0,0,0,0,0,0,0,0,0
ATS,7V2844-701,C029,B15,CF6,1QS629,0,0,0,0,0,0,27,27,27,27,27,27,27,119,99,79,99,99,99,99,99,59,99,99
ATS,7V2587-701,C029,B15,CF6,1QS509,117,145,216,36,180,99,81,81,81,72,72,81,108,227,189,151,189,189,189,189,189,113,189,189
ATS,7V2580-701,C029,B15,CF6,1QS510,252,315,486,81,342,144,171,144,180,153,135,153,171,313,261,209,261,261,261,261,261,157,261,261
ATS,7V2584-701,C029,B15,CF6,1QS511,27,35,63,0,63,9,27,27,18,18,18,18,18,54,45,36,45,45,45,45,45,27,45,45
ATS,7V1487-701,C029,B15,CF6,1QS501,117,145,216,36,180,99,81,81,81,72,72,81,108,76,63,50,63,63,63,63,63,38,63,63
ATS,7V1847-701,C029,B15,CF6,1QS624,0,0,0,0,0,0,27,27,27,27,27,27,27,140,117,94,117,117,117,117,117,70,117,117
ATS,7V1480-701,C029,B15,CF6,1QS502,252,315,486,81,342,144,171,144,180,153,135,153,171,97,81,65,81,81,81,81,81,49,81,81
ATS,7V1840-701,C029,B15,CF6,1QS625,0,0,0,0,0,0,27,27,27,27,27,27,27,140,117,94,117,117,117,117,117,70,117,117
ATS,7V1484-701,C029,B15,CF6,1QS503,27,35,63,0,63,9,27,27,18,18,18,18,18,0,0,0,0,0,0,0,0,0,0,0
ATS,7V1844-701,C029,B15,CF6,1QS626,0,0,0,0,0,0,27,27,27,27,27,27,27,140,117,94,117,117,117,117,117,70,117,117
ATS,7V1577-701,C029,B15,CF6,1QS507,0,0,0,0,0,0,0,0,0,0,0,0,0,36,30,24,30,30,30,30,30,18,30,30
ATS,7V1570-701,C029,B15,CF6,1QS508,105,130,225,30,120,90,105,90,90,90,60,75,75,144,120,96,120,120,120,120,120,72,120,120
ATS,7V1587-701,C029,B15,CF6,1QS512,9,10,0,0,9,0,0,0,9,9,0,0,0,22,18,14,18,18,18,18,18,11,18,18
ATS,7V1580-701,C029,B15,CF6,1QS513,207,260,378,63,333,153,189,162,189,144,126,162,180,292,243,194,243,243,243,243,243,146,243,243
ATS,7V1584-701,C029,B15,CF6,1QS514,9,10,18,0,27,9,9,9,9,18,9,9,9,43,36,29,36,36,36,36,36,22,36,36
ATS,7V1667-701,C029,B15,CF6,1QS521,735,920,960,150,960,1155,1260,1170,1395,1140,915,1155,1395,324,270,216,270,270,270,270,270,162,270,270
ATS,7V1857-701,C029,B15,CF6,1QS630,0,0,0,0,0,0,180,180,180,180,180,180,180,1044,870,696,870,870,870,870,870,522,870,870
ATS,7V1660-701-C0,C029,B15,CF6,1QS522,1815,2270,2550,405,2130,2610,3255,2670,3195,2625,2100,2625,3120,648,540,432,540,540,540,540,540,324,540,540
ATS,7V1850-701,C029,B15,CF6,1QS631,0,0,0,0,0,0,180,180,180,180,180,180,180,1044,870,696,870,870,870,870,870,522,870,870
ATS,7V1664-701,C029,B15,CF6,1QS523,345,430,495,90,165,360,420,315,330,300,285,345,375,0,0,0,0,0,0,0,0,0,0,0
ATS,7V1854-701,C029,B15,CF6,1QS632,0,0,0,0,0,0,180,180,180,180,180,180,180,1044,870,696,870,870,870,870,870,522,870,870
ATS,7V2497-701,C029,B15,C10,3QS615,1140,1425,1470,240,1500,1890,2010,1950,2250,1890,1500,1830,2250,1998,1665,1332,1665,1665,1665,1665,1665,999,1665,1665
ATS,7V2490-701,C029,B15,C10,3QS616,3120,3900,4440,720,3720,4530,5640,4680,5610,4590,3630,4590,5370,5562,4635,3708,4635,4635,4635,4635,4635,2781,4635,4635
ATS,7V2494-701,C029,B15,C10,3QS617,570,715,870,150,300,600,720,540,570,510,510,570,660,756,630,504,630,630,630,630,630,378,630,630
ATS,7V2517-701,C029,B15,C10,3QS618,120,150,120,0,60,60,60,0,60,60,0,60,60,72,60,48,60,60,60,60,60,36,60,60
ATS,7V2510-701,C029,B15,C10,3QS619,0,0,60,0,0,60,0,0,0,60,0,0,0,0,0,0,0,0,0,0,0,0,0,0
ATS,7V2514-701,C029,B15,C10,3QS620,0,0,60,0,0,60,0,0,60,0,0,0,0,0,0,0,0,0,0,0,0,0,0,0
ATS,7V2507-701,C029,B15,C10,3QS621,60,75,90,30,90,60,30,30,60,30,30,60,30,18,15,12,15,15,15,15,15,9,15,15
ATS,7V2500-701,C029,B15,C10,3QS622,450,565,840,120,630,330,420,330,420,330,270,330,420,432,360,288,360,360,360,360,360,216,360,360
ATS,7V2504-701,C029,B15,C10,3QS623,0,0,30,0,30,0,0,0,0,30,0,0,30,18,15,12,15,15,15,15,15,9,15,15
ATS,7M5297-701,C029,B15,C10,3QS544,320,400,448,64,416,416,512,416,512,416,320,448,576,557,464,371,464,464,464,464,464,278,464,464
ATS,7M5290-701,C029,B15,C10,3QS546,704,880,1056,160,864,736,960,704,896,736,640,768,960,864,720,576,720,720,720,720,720,432,720,720
ATS,7M5294-701,C029,B15,C10,3QS543,96,120,192,32,96,96,128,96,128,96,64,96,128,154,128,102,128,128,128,128,128,77,128,128
ATS,7M5317-701,C029,B15,C10,3QS553,64,80,128,64,64,64,64,64,64,0,64,0,64,77,64,51,64,64,64,64,64,38,64,64
ATS,7M5310-701,C029,B15,C10,3QS555,0,0,64,0,0,64,0,0,0,0,0,0,0,0,0,0,0,0,0,0,0,0,0,0
ATS,7M5314-701,C029,B15,C10,3QS552,0,0,64,0,0,64,0,0,0,64,0,0,0,77,64,51,64,64,64,64,64,38,64,64
ATS,7M5307-701,C029,B15,C10,3QS562,64,80,96,0,128,64,32,32,64,32,32,32,64,19,16,13,16,16,16,16,16,10,16,16
ATS,7M5300-701,C029,B15,C10,3QS564,448,560,832,128,640,320,448,352,416,320,288,320,384,422,352,282,352,352,352,352,352,211,352,352
ATS,7M5304-701,C029,B15,C10,3QS561,0,0,32,0,32,0,32,32,0,32,0,0,32,0,0,0,0,0,0,0,0,0,0,0
ATS,7V1497-701,C029,B15,C10,3QS606,330,415,420,60,450,420,480,420,510,420,330,450,570,558,465,372,465,465,465,465,465,279,465,465
ATS,7V1490-701,C029,B15,C10,3QS607,720,900,1050,180,840,750,960,720,870,750,630,780,930,864,720,576,720,720,720,720,720,432,720,720
ATS,7V1494-701,C029,B15,C10,3QS608,120,150,180,30,90,90,120,90,120,90,60,120,120,144,120,96,120,120,120,120,120,72,120,120
ATS,7V1517-701,C029,B15,C10,3QS609,60,75,120,30,60,60,60,60,30,30,60,30,60,54,45,36,45,45,45,45,45,27,45,45
ATS,7V1510-701,C029,B15,C10,3QS610,30,40,30,30,0,30,0,30,0,30,0,0,0,0,0,0,0,0,0,0,0,0,0,0
ATS,7V1514-701,C029,B15,C10,3QS611,30,40,30,0,30,30,30,30,30,0,0,30,0,18,15,12,15,15,15,15,15,9,15,15
ATS,7V1507-701,C029,B15,C10,3QS612,60,75,90,30,90,60,30,30,60,30,30,60,30,18,15,12,15,15,15,15,15,9,15,15
ATS,7V1500-701,C029,B15,C10,3QS613,450,565,840,120,630,330,420,330,420,330,270,330,420,432,360,288,360,360,360,360,360,216,360,360
ATS,7V1504-701,C029,B15,C10,3QS614,0,0,30,0,30,0,0,0,0,30,0,0,30,18,15,12,15,15,15,15,15,9,15,15
ATS,7V2524-701,C029,B15,C10,5QS588,340,425,520,60,180,360,400,300,340,300,280,340,400,444,370,296,370,370,370,370,370,222,370,370
ATS,7V2527-701,C029,B15,C10,5QS589,740,925,940,160,960,1140,1240,1180,1400,1140,900,1160,1400,1260,1050,840,1050,1050,1050,1050,1050,630,1050,1050
ATS,7V2520-701,C029,B15,C10,5QS590,1800,2250,2560,400,2140,2600,3260,2680,3180,2640,2100,2620,3120,3156,2630,2104,2630,2630,2630,2630,2630,1578,2630,2630
ATS,7V2537-701,C029,B15,C10,5QS595,60,75,80,20,120,60,40,40,40,60,20,40,60,24,20,16,20,20,20,20,20,12,20,20
ATS,7V2550-701,C029,B15,C10,5QS598,32,40,32,0,32,32,0,0,32,0,0,0,0,0,0,0,0,0,0,0,0,0,0,0
ATS,7V2554-701,C029,B15,C10,5QS599,32,40,32,0,32,32,32,32,0,32,0,0,32,38,32,26,32,32,32,32,32,19,32,32
ATS,7V2557-701,C029,B15,C10,5QS597,64,80,128,32,64,32,64,32,64,0,64,32,64,58,48,38,48,48,48,48,48,29,48,48
ATS,7V2530-701,C029,B15,C10,5QS596,440,550,840,140,620,340,440,360,400,340,280,320,400,432,360,288,360,360,360,360,360,216,360,360
ATS,7V2534-701,C029,B15,C10,5QS594,20,25,20,0,20,0,20,20,0,20,0,20,20,12,10,8,10,10,10,10,10,6,10,10
ATS,7V2547-701,C029,B15,C10,5QS592,0,0,0,0,0,0,0,0,0,0,0,0,20,0,0,0,0,0,0,0,0,0,0,0
ATS,7V2540-701,C029,B15,C10,5QS593,100,125,200,20,160,40,40,20,60,20,40,60,40,36,30,24,30,30,30,30,30,18,30,30
ATS,7V2544-701,C029,B15,C10,5QS591,0,0,20,0,20,0,0,0,0,20,0,0,0,12,10,8,10,10,10,10,10,6,10,10
ATS,7M5324-701,C029,B15,C10,5QS521,352,440,512,64,192,352,416,320,320,320,288,320,384,461,384,307,384,384,384,384,384,230,384,384
ATS,7M5327-701,C029,B15,C10,5QS522,736,920,928,160,960,1152,1248,1152,1408,1152,896,1152,1408,1267,1056,845,1056,1056,1056,1056,1056,634,1056,1056
ATS,7M5320-701,C029,B15,C10,5QS523,1824,2280,2528,416,2144,2592,3264,2656,3200,2624,2112,2624,3104,3149,2624,2099,2624,2624,2624,2624,2624,1574,2624,2624
ATS,7M9144-701,C029,B15,C10,5QS576,336,420,518,70,182,350,406,308,336,294,294,336,378,445,371,297,371,371,371,371,371,223,371,371
ATS,7M9147-701,C029,B15,C10,5QS577,742,930,938,154,966,1148,1260,1176,1386,1148,910,1162,1386,1260,1050,840,1050,1050,1050,1050,1050,630,1050,1050
ATS,7M9140-701,C029,B15,C10,5QS578,1806,2260,2548,406,2142,2604,3262,2660,3206,2618,2114,2618,3108,3175,2646,2117,2646,2646,2646,2646,2646,1588,2646,2646
ATS,7V1537-701,C029,B15,C10,5QS586,60,75,80,20,120,60,40,40,40,60,20,40,60,24,20,16,20,20,20,20,20,12,20,20
ATS,7V1530-701,C029,B15,C10,5QS587,440,550,840,140,620,340,440,360,400,340,280,320,400,432,360,288,360,360,360,360,360,216,360,360
ATS,7V1534-701,C029,B15,C10,5QS585,20,25,20,0,20,0,20,20,0,20,0,20,20,12,10,8,10,10,10,10,10,6,10,10
ATS,7V1547-701,C029,B15,C10,5QS580,0,0,0,0,0,0,0,0,0,0,0,0,20,0,0,0,0,0,0,0,0,0,0,0
ATS,7V1540-701,C029,B15,C10,5QS581,100,125,200,20,160,40,40,20,60,20,40,60,40,36,30,24,30,30,30,30,30,18,30,30
ATS,7V1544-701,C029,B15,C10,5QS579,0,0,20,0,20,0,0,0,0,20,0,0,0,12,10,8,10,10,10,10,10,6,10,10
ATS,7V1557-701,C029,B15,C10,5QS583,80,100,120,0,80,40,80,40,40,40,40,40,40,48,40,32,40,40,40,40,40,24,40,40
ATS,7V1550-701,C029,B15,C10,5QS584,40,50,40,0,0,40,0,0,40,0,0,0,0,0,0,0,0,0,0,0,0,0,0,0
ATS,7V1554-701,C029,B15,C10,5QS582,0,0,40,0,40,40,40,40,0,0,40,0,0,24,20,16,20,20,20,20,20,12,20,20
TBN,7M5330-710,C033,BKLE,P03,QSS036,2056,2570,3217,512,2591,2861,3442,2874,3447,2849,2298,2556,2703,3244,2703,2162,2703,2703,2703,2703,2703,1622,2703,2703
TBN,7V2590-701,C033,B15,CF6,QSS037,323,405,606,95,487,489,589,491,590,488,393,439,479,575,479,383,479,479,479,479,479,287,479,479
TBN,7V1620-701,C033,BKLE,MF2,QSS039,2056,2570,3217,512,2591,2861,3442,2874,3447,2849,2298,2556,2703,3244,2703,2162,2703,2703,2703,2703,2703,1622,2703,2703
TBN,7M9160-701,C033,BKLE,CF8,QSS041,2056,2570,3217,512,2591,2861,3442,2874,3447,2849,2298,2556,2703,3244,2703,2162,2703,2703,2703,2703,2703,1622,2703,2703
TBN,A0136,C033,C10,C10,QS5258,1510,1890,2101,338,1692,1679,2027,1687,2024,1672,1349,1682,1676,2011,1676,1341,1676,1676,1676,1676,1676,1006,1676,1676
TBN,7V2407-701,C033,B15,CF7,QSS001,500,625,628,94,610,574,713,591,744,611,472,574,555,666,555,444,555,555,555,555,555,333,555,555
TBN,7V2400-701,C033,B15,CF7,QSS002,2554,3195,3827,608,3047,3317,3999,3346,3993,3297,2639,3075,3168,3802,3168,2534,3168,3168,3168,3168,3168,1901,3168,3168
TBN,7V2404-701,C033,B15,CF7,QSS003,189,235,256,52,141,159,168,133,144,124,144,151,178,214,178,142,178,178,178,178,178,107,178,178
TBN,7M5294-707,C033,SIR,F51,QSS042,62,80,109,23,74,73,61,48,63,35,34,52,83,100,83,66,83,83,83,83,83,50,83,83
TBN,7M5297-707,C033,SIR,F51,QSS043,240,300,370,62,337,297,384,316,397,336,237,316,293,352,293,234,293,293,293,293,293,176,293,293
TBN,7M5290-707,C033,SIR,F51,QSS044,393,490,741,118,556,521,616,557,654,528,361,515,497,596,497,398,497,497,497,497,497,298,497,497
TBN,7V1667-701,C033,B15,CF6,QSS101,500,625,628,94,610,574,713,591,744,611,472,574,555,144,120,96,120,120,120,120,120,72,120,120
TBN,7V1857-701,C033,B15,CF6,QSS050,0,0,0,0,0,0,180,180,180,180,180,180,180,1044,870,696,870,870,870,870,870,522,870,870
TBN,7V1660-701-C0,C033,B15,CF4,QSS100,2877,3595,4433,703,3534,3806,4588,3837,4583,3785,3032,3514,3646,4375,3646,2917,3646,3646,3646,3646,3646,2188,3646,3646
TBN,7V1850-701,C033,B15,CF6,QSS051,0,0,0,0,0,0,180,180,180,180,180,180,180,1044,870,696,870,870,870,870,870,522,870,870
TBN,7V1664-701,C033,B15,CF6,QSS102,189,235,256,52,141,159,168,133,144,124,144,151,178,0,0,0,0,0,0,0,0,0,0,0
TBN,7V1854-701,C033,B15,CF6,QSS052,0,0,0,0,0,0,180,180,180,180,180,180,180,1044,870,696,870,870,870,870,870,522,870,870
TBN,7V2497-701,C033,B15,C10,QSS047,762,955,890,128,881,847,1042,864,1091,882,707,830,818,982,818,654,818,818,818,818,818,491,818,818
TBN,7V2490-701,C033,B15,C10,QSS048,1249,1560,1697,266,1322,1369,1678,1369,1616,1342,1103,1395,1386,1663,1386,1109,1386,1386,1386,1386,1386,832,1386,1386
TBN,7V2494-701,C033,B15,C10,QSS035,318,400,401,83,208,243,279,218,223,211,254,248,272,326,272,218,272,272,272,272,272,163,272,272
TBN,7M5297-701,C033,B15,C10,QSS021,240,300,370,62,337,297,384,316,397,336,237,316,293,352,293,234,293,293,293,293,293,176,293,293
TBN,7M5290-701,C033,B15,C10,QSS023,393,490,741,118,556,521,616,557,654,528,361,515,497,596,497,398,497,497,497,497,497,298,497,497
TBN,7M5294-701,C033,B15,C10,QSS025,62,80,109,23,74,73,61,48,63,35,34,52,83,100,83,66,83,83,83,83,83,50,83,83
TBN,7V1497-701,C033,B15,C10,QSS045,240,300,370,62,337,297,384,316,397,336,237,316,293,352,293,234,293,293,293,293,293,176,293,293
TBN,7V1490-701,C033,B15,C10,QSS046,393,490,741,118,556,521,616,557,654,528,361,515,497,596,497,398,497,497,497,497,497,298,497,497
TBN,7V1494-701,C033,B15,C10,QSS020,62,80,109,23,74,73,61,48,63,35,34,52,83,100,83,66,83,83,83,83,83,50,83,83
TBN,7V2524-701,C033,B15,C10,QSS032,189,235,256,51,141,159,168,133,144,123,143,151,178,214,178,142,178,178,178,178,178,107,178,178
TBN,7V2527-701,C033,B15,C10,QSS030,500,625,628,94,610,574,713,591,744,611,472,574,556,667,556,445,556,556,556,556,556,334,556,556
TBN,7V2520-701,C033,B15,C10,QSS031,821,1025,1217,192,942,946,1146,963,1136,937,733,956,943,1132,943,754,943,943,943,943,943,566,943,943
TBN,7M5324-701,C033,B15,C10,QSS009,189,235,256,51,141,159,168,133,144,123,143,151,178,214,178,142,178,178,178,178,178,107,178,178
TBN,7M5327-701,C033,B15,C10,QSS007,500,625,628,94,610,574,713,591,744,611,472,574,556,667,556,445,556,556,556,556,556,334,556,556
TBN,7M5320-701,C033,B15,C10,QSS008,821,1025,1217,192,942,946,1146,963,1136,937,733,956,943,1132,943,754,943,943,943,943,943,566,943,943
TBN,7M9144-701,C033,B15,C10,QSS029,189,235,256,51,141,159,168,133,144,123,143,151,178,214,178,142,178,178,178,178,178,107,178,178
TBN,7M9147-701,C033,B15,C10,QSS027,500,625,628,94,610,574,713,591,744,611,472,574,556,667,556,445,556,556,556,556,556,334,556,556
TBN,7M9140-701,C033,B15,C10,QSS028,821,1025,1217,192,942,946,1146,963,1136,937,733,956,943,1132,943,754,943,943,943,943,943,566,943,943
JCIK,7V2070-701-C0,C043,B15,CF5,QSS161,0,0,0,15,0,0,0,0,0,0,0,0,0,0,0,0,0,0,0,0,0,0,0,0
JCIK,7V2074-701-E0,C043,B15,CF5,QSS162,0,0,0,0,0,0,0,0,0,0,0,0,0,0,0,0,0,0,0,0,0,0,0,0
JCIK,7V2080-701-C0,C043,B15,CF2,QSS155,6225,7650,7650,4740,8685,7335,8415,7155,8385,6975,5700,8295,6975,8370,6975,5580,6975,6975,6975,6975,6975,4185,6975,6975
JCIK,7V2084-701-E0,C043,B15,CF6,QSS156,90,120,120,90,165,120,165,120,135,120,120,150,120,144,120,96,120,120,120,120,120,72,120,120
JCIK,7V1070-701-C0,C043,B15,CF2,QSS164,4230,5220,5220,3330,6240,5310,6030,4920,5970,4980,3960,5760,4980,5976,4980,3984,4980,4980,4980,4980,4980,2988,4980,4980
JCIK,7V1074-701-E0,C043,B15,CF6,QSS165,60,90,90,30,90,90,90,90,60,90,60,90,90,108,90,72,90,90,90,90,90,54,90,90
JCIK,7V1084-701-E0,C043,B15,CF6,QSS159,30,30,30,30,90,30,60,30,60,60,60,60,60,72,60,48,60,60,60,60,60,36,60,60
JCIK,7V1080-701-C0,C043,B15,CF6,QSS158,2400,2940,2940,1650,2820,2400,2760,2580,2850,2370,2010,3000,2370,2844,2370,1896,2370,2370,2370,2370,2370,1422,2370,2370
JCIK,7V2370-701-C0,C043,B15,CF6,QSS166,510,660,660,0,660,690,885,900,1170,990,795,1185,990,1188,990,792,990,990,990,990,990,594,990,990
JCIK,7V2378-701-E0,C043,B15,CF6,QSS167,195,315,315,0,315,315,360,255,0,0,0,0,0,0,0,0,0,0,0,0,0,0,0,0
JCIK,7V1370-701-C0,C043,B15,CF6,QSS168,510,690,690,0,660,690,870,900,1170,990,810,1170,990,1188,990,792,990,990,990,990,990,594,990,990
JCIK,7V1378-701-E0,C043,B15,CF6,QSS169,180,330,330,0,300,330,360,240,0,0,0,0,0,0,0,0,0,0,0,0,0,0,0,0
JCIK,7V2200-701,C043,B15,CF2,QSS170,390,495,495,210,405,375,360,345,435,390,285,435,390,468,390,312,390,390,390,390,390,234,390,390
JCIK,7V2390-701-C0,C043,B15,CF5,QSS171,252,315,315,180,333,279,270,243,288,234,216,297,234,281,234,187,234,234,234,234,234,140,234,234
JCIK,7V2400-701-C0,C043,B15,CF7,QSS172,1530,1881,1881,1089,2079,1782,2097,1782,2070,1737,1404,2043,1737,2084,1737,1390,1737,1737,1737,1737,1737,1042,1737,1737
JCIK,7V1660-701-C0,C043,B15,CF5,QSS173,1800,2205,2205,1260,2415,2055,2370,2025,2355,1980,1620,2340,1980,2376,1980,1584,1980,1980,1980,1980,1980,1188,1980,1980
JCIK,7M5240-707,C043,D12,F52,QSS174,1790,2200,2200,1270,2410,2060,2370,2020,2360,1970,1620,2350,1970,2364,1970,1576,1970,1970,1970,1970,1970,1182,1970,1970
TOMI,730428-067,C048,Misc,PC,Q243,25800,20640,25800,0,25800,25800,25800,25800,25800,25800,25800,25800,25800,25800,25800,25800,25800,25800,25800,25800,25800,15480,25800,25800
LEAR,7M5257-707,U003,D10,F25,257B,0,0,0,0,0,288,288,288,288,288,288,288,288,346,576,230,576,288,288,288,288,173,288,288
TMMAA,A1502-105B,U041,D13,F43,A1S2,605,876,857,488,945,855,876,876,868,888,714,845,613,1043,869,695,869,869,869,869,869,695,869,869
TMMAA,A1502-201B,U041,D13,F43,A1S3,1727,2327,2345,1110,1971,1810,1789,1785,1791,2413,1846,2278,1747,2752,2293,1834,2293,2293,2293,2293,2293,1834,2293,2293
TMMAA,A1507-105B,U041,D13,F44,A1S6,605,876,857,488,945,855,876,876,868,888,714,845,613,1043,869,695,869,869,869,869,869,695,869,869
TMMAA,A1507-201B,U041,D13,F43,A1S7,1732,2327,2345,1110,1971,1810,1789,1785,1791,2413,1846,2278,1747,2752,2293,1834,2293,2293,2293,2293,2293,1834,2293,2293
TMMG1,A1502-105B,U044,D13,F43,G654,645,801,801,0,739,880,888,887,888,902,0,0,0,0,0,0,0,0,0,0,0,0,0,0
TMMG1,A1502-201B,U044,D13,F43,G656,656,832,832,0,744,684,676,680,680,700,0,0,0,0,0,0,0,0,0,0,0,0,0,0
TMMG1,A1507-105B,U044,D13,F44,G658,645,801,801,0,739,880,888,887,888,902,0,0,0,0,0,0,0,0,0,0,0,0,0,0
TMMG1,A1507-201B,U044,D13,F43,G666,656,832,832,0,744,684,676,680,680,700,0,0,0,0,0,0,0,0,0,0,0,0,0,0
TMMG1,A3037,U044,Misc,PC,G3W2,367,634,634,0,664,590,587,595,578,481,770,962,963,961,961,0,0,0,0,0,0,0,0,0
TMMG1,A4074-138B,U044,D11APF,F35,GYS9,53,184,184,0,82,115,112,107,106,86,90,114,109,136,136,0,0,0,0,0,0,0,0,0
TMMG1,A4074-201B,U044,D11APF,F35,GYT0,2023,2405,2405,0,2312,2557,2561,2567,2568,1901,2006,2504,2505,2478,2478,0,0,0,0,0,0,0,0,0
TMMG1,A4074-457B,U044,D11APF,F35,GYT2,16,14,14,0,3,9,9,9,9,5,8,9,3,5,5,0,0,0,0,0,0,0,0,0
TMMG1,A4074-F2K4,U044,D11APF,F35,GYT1,7,13,13,0,18,19,18,14,14,7,4,8,18,13,13,0,0,0,0,0,0,0,0,0
TMMG1,A4075-138B,U044,D11APF,F35,GYT3,53,184,184,0,82,115,112,107,106,86,90,114,109,136,136,0,0,0,0,0,0,0,0,0
TMMG1,A4075-201B,U044,D11APF,F35,GYT4,2023,2405,2405,0,2312,2557,2561,2567,2568,1901,2006,2504,2505,2478,2478,0,0,0,0,0,0,0,0,0
TMMG1,A4075-457B,U044,D11APF,F35,GYT6,16,14,14,0,3,9,9,9,9,5,8,9,3,5,5,0,0,0,0,0,0,0,0,0
TMMG1,A4075-F2K4,U044,D11APF,F35,GYT5,7,13,13,0,18,19,18,14,14,7,4,8,18,13,13,0,0,0,0,0,0,0,0,0
TMMG1,7V1107-707,U044,D10,F25,GF19,34,57,57,0,21,52,52,63,54,68,64,80,76,96,96,0,0,0,0,0,0,0,0,0
TMMG1,7V1100-707,U044,D10,F25,GF20,696,1204,1204,0,1308,1125,1120,1126,1103,891,1474,1844,1850,1824,1824,0,0,0,0,0,0,0,0,0
TMMG1,7V1104-707,U044,D10,F25,GF22,5,7,7,0,0,2,2,0,0,4,2,0,0,2,2,0,0,0,0,0,0,0,0,0
TMMG1,7M9007-701,U044,B15,C30,GF07,17,29,29,0,10,26,26,32,27,34,32,40,38,48,48,0,0,0,0,0,0,0,0,0
TMMG1,7M9000-701,U044,B15,C30,GF08,348,602,602,0,654,563,560,563,551,445,737,922,925,912,912,0,0,0,0,0,0,0,0,0
TMMG1,7M9004-701,U044,B15,C30,GF09,2,4,4,0,0,1,1,0,0,2,1,0,0,1,1,0,0,0,0,0,0,0,0,0
TMMG1,7V1107-701,U044,B15,C30,GF31,17,29,29,0,10,26,26,32,27,34,32,40,38,48,48,0,0,0,0,0,0,0,0,0
TMMG1,7V1100-701,U044,B15,C30,GF32,348,602,602,0,654,563,560,563,551,445,737,922,925,912,912,0,0,0,0,0,0,0,0,0
TMMG1,7V1104-701,U044,B15,C30,GF33,2,4,4,0,0,1,1,0,0,2,1,0,0,1,1,0,0,0,0,0,0,0,0,0
TMMG1,7M5057-707,U044,D10,F20,GF10,17,29,29,0,10,26,26,32,27,34,32,40,38,48,48,0,0,0,0,0,0,0,0,0
TMMG1,7M5050-707,U044,D10,F20,GF11,348,602,602,0,654,563,560,563,551,445,737,922,925,912,912,0,0,0,0,0,0,0,0,0
TMMG1,7M5054-707,U044,D10,F20,GF12,2,4,4,0,0,1,1,0,0,2,1,0,0,1,1,0,0,0,0,0,0,0,0,0
TMMG1,7M5057-701,U044,B15,C30,GF13,17,29,29,0,10,26,26,32,27,34,32,40,38,48,48,0,0,0,0,0,0,0,0,0
TMMG1,7M5050-701,U044,B15,C30,GF14,348,602,602,0,654,563,560,563,551,445,737,922,925,912,912,0,0,0,0,0,0,0,0,0
TMMG1,7M5054-701,U044,B15,C30,GF15,2,4,4,0,0,1,1,0,0,2,1,0,0,1,1,0,0,0,0,0,0,0,0,0
TMMG1,7V1117-707,U044,D10,F25,GF23,36,156,156,0,72,89,86,75,79,52,58,74,71,88,88,0,0,0,0,0,0,0,0,0
TMMG1,7V1110-707,U044,D10,F25,GF24,1675,1806,1806,0,1668,1998,2005,2012,2025,1461,1273,1587,1591,1572,1572,0,0,0,0,0,0,0,0,0
TMMG1,7V1114-707,U044,D10,F25,GF26,14,10,10,0,3,8,8,9,9,3,7,9,3,4,4,0,0,0,0,0,0,0,0,0
TMMG1,7V1113-707,U044,D10,F25,GF25,7,10,10,0,8,15,14,6,5,1,0,3,7,7,7,0,0,0,0,0,0,0,0,0
TMMG1,7M5067-701,U044,B15,C30,GF16,36,156,156,0,72,89,86,75,79,52,58,74,71,88,88,0,0,0,0,0,0,0,0,0
TMMG1,7M5060-701,U044,B15,C30,GF17,1682,1816,1816,0,1677,2013,2019,2018,2030,1462,1273,1590,1598,1579,1579,0,0,0,0,0,0,0,0,0
TMMG1,7M5064-701,U044,B15,C30,GF18,14,10,10,0,3,8,8,9,9,3,7,9,3,4,4,0,0,0,0,0,0,0,0,0
TMMG1,7V2117-707,U044,D10,F25,GF27,36,156,156,0,72,89,86,75,79,52,58,74,71,88,88,0,0,0,0,0,0,0,0,0
TMMG1,7V2110-707,U044,D10,F25,GF28,1675,1806,1806,0,1668,1998,2005,2012,2025,1461,1273,1587,1591,1572,1572,0,0,0,0,0,0,0,0,0
TMMG1,7V2114-707,U044,D10,F25,GF30,14,10,10,0,3,8,8,9,9,3,7,9,3,4,4,0,0,0,0,0,0,0,0,0
TMMG1,7V2113-707,U044,D10,F25,GF29,7,10,10,0,8,15,14,6,5,1,0,3,7,7,7,0,0,0,0,0,0,0,0,0
LT,A1500-201B,U070,D13,F43,LBL3,838,1271,1163,0,810,856,856,856,856,938,387,388,484,799,666,533,666,666,666,666,666,533,666,666
LT,A1501-201B,U070,D13,F43,LBL6,838,1271,1163,0,810,856,856,856,856,938,387,388,484,799,666,533,666,666,666,666,666,533,666,666
LT,A1502-105B,U070,D13,F43,LBL4,444,695,632,0,493,710,709,689,684,847,638,636,786,887,739,591,739,739,739,739,739,591,739,739
LT,A1502-201B,U070,D13,F43,LBL5,486,514,474,0,422,668,669,689,695,909,813,818,1026,1033,861,689,861,861,861,861,861,689,861,861
LT,A1507-105B,U070,D13,F44,LBL7,444,695,632,0,493,710,709,689,684,847,638,636,786,887,739,591,739,739,739,739,739,591,739,739
LT,A1507-201B,U070,D13,F43,LBL8,486,514,474,0,422,668,669,689,695,909,813,818,1026,1033,861,689,861,861,861,861,861,689,861,861
AVANM,7V2560-701,U071,B15,MF2,AV37,845,936,984,0,1088,1088,1096,1104,1064,1840,1464,1453,1480,1910,1592,1274,1592,1592,1592,1592,1592,1274,1592,1592
AVANM,A1579-201B,U071,B15,MF2,AV21,1088,1288,1232,0,1248,1240,1224,1224,1040,464,368,378,360,718,598,478,598,598,598,598,598,478,598,598
AVANM,A1580-201B,U071,B15,MF1,AV22,1933,2224,2216,0,2328,2328,2328,2328,2160,2880,2320,2310,2320,3163,2636,2109,2636,2636,2636,2636,2636,2109,2636,2636
A,7M5040-707,U066,SIR,F07,AV26,100,200,330,70,360,240,250,240,220,140,190,290,223,223,223,0,0,0,0,0,0,0,0,0
A,7M5040-701,U066,B15,MF2,AV27,192,192,192,192,384,192,192,192,192,192,192,384,240,240,240,0,0,0,0,0,0,0,0,0
A,7V1117-701,U066,B15,MF2,AV28,32,96,112,16,112,144,128,112,128,96,96,96,108,108,108,0,0,0,0,0,0,0,0,0
A,7V1110-701,U066,B15,MF2,AV29,1168,2336,1776,288,2112,2032,2048,2048,1984,1328,1584,2096,1864,1864,1864,0,0,0,0,0,0,0,0,0
A,7V1114-701,U066,B15,MF2,AV30,0,16,16,0,0,16,16,0,16,0,0,16,8,8,8,0,0,0,0,0,0,0,0,0
A,7V2117-701,U066,B15,MF2,AV31,0,96,192,0,96,192,96,96,192,96,96,96,120,120,120,0,0,0,0,0,0,0,0,0
A,7V2110-701,U066,B15,MF2,AV32,1168,2352,1760,304,2112,2032,2048,2064,1968,1344,1568,2096,1868,1868,1868,0,0,0,0,0,0,0,0,0
A,7V2114-701,U066,B15,MF2,AV33,0,16,0,0,16,16,16,16,16,0,0,0,8,8,8,0,0,0,0,0,0,0,0,0
A,7M5067-707,U066,SIR,F07,AV34,20,100,120,10,100,140,140,110,130,80,100,100,105,105,105,0,0,0,0,0,0,0,0,0
A,7M5060-707,U066,SIR,F07,AV35,1170,2340,1770,300,2100,2030,2050,2060,1970,1340,1580,2090,1865,1865,1865,0,0,0,0,0,0,0,0,0
A,7M5064-707,U066,SIR,F07,AV36,0,20,0,0,0,10,10,20,10,0,0,10,10,10,10,0,0,0,0,0,0,0,0,0
A,A1091,U066,Misc,M04,AV25,3572,7372,5700,950,6612,6536,6574,6574,6346,4256,5054,6574,5938,5938,5938,0,0,0,0,0,0,0,0,0
A,A4076-138B,U066,B15,MF1,AV11,32,128,144,16,128,160,160,128,144,112,128,160,136,136,136,0,0,0,0,0,0,0,0,0
A,A4076-201B,U066,B15,MF1,AV12,1440,2928,2272,416,2720,2528,2544,2544,2448,1648,2096,3168,2452,2452,2452,0,0,0,0,0,0,0,0,0
A,A4076-457B,U066,B15,MF1,AV13,0,16,16,0,0,0,32,16,0,0,0,16,8,8,8,0,0,0,0,0,0,0,0,0
A,A4077-201B,U066,B15,MF2,AV15,96,200,328,72,360,232,256,232,216,144,192,288,220,220,220,0,0,0,0,0,0,0,0,0
A,A4079-138B,U066,B15,MF2,AV17,32,128,144,8,120,152,160,144,144,112,128,152,138,138,138,0,0,0,0,0,0,0,0,0
A,A4079-201B,U066,B15,MF2,AV18,1104,2304,1688,288,2048,1952,1936,1984,1920,1280,1616,2520,1926,1926,1926,0,0,0,0,0,0,0,0,0
A,A4079-457B,U066,B15,MF2,AV19,0,24,8,0,8,16,16,16,8,8,0,8,10,10,10,0,0,0,0,0,0,0,0,0
A,A4081-201B,U066,B15,MF2,AV20,232,424,272,48,312,344,344,328,320,224,288,360,308,308,308,0,0,0,0,0,0,0,0,0
B,A1579-201B,U066,B15,MF2,AV21,320,144,168,112,144,432,392,376,272,416,264,304,342,410,342,274,342,342,342,342,342,205,342,342
B,7V2560-701,U066,B15,MF1,AV37,3560,3520,3520,1408,2280,4280,3872,3896,3128,4664,2552,2872,3640,4368,3640,2912,3640,3640,3640,3640,3640,2184,3640,3640
B,A1580-201B,U066,B15,MF1,AV22,3820,3696,3696,1520,2424,4704,4272,4272,3400,5080,2816,3176,3982,4778,3982,3186,3982,3982,3982,3982,3982,2389,3982,3982
JCIAV,A0136,U066,C10,C10,AV38,0,0,0,0,0,0,0,0,0,0,0,0,864,1037,864,691,864,864,4320,4320,4320,2592,4320,4320
TMMMS,7V1070-707-C4,U090,D13,F4A,JPR8,3060,3835,3835,0,4620,3850,3850,3850,3850,3690,2760,3450,3450,4332,3610,2888,3610,3610,3610,3610,3610,2166,3610,3610
TMMMS,7V2070-707-C3,U090,D13,F4B,JPR9,3060,3835,3835,0,4620,3850,3850,3850,3850,3690,2760,3450,3450,4332,3610,2888,3610,3610,3610,3610,3610,2166,3610,3610
TBMS,7V2440-701-C0,U091,B15,CF5,S597,2903,3597,3597,0,4292,3616,3674,3716,3713,3545,2681,3351,3336,4013,3344,2675,3344,3344,3344,3344,3344,2006,3344,3344
TBMS,7V1440-701-C0,U091,B15,CF5,S598,3034,3837,3837,0,4582,3870,3860,3863,3853,3670,2768,3461,3461,4153,3461,2769,3461,3461,3461,3461,3461,2077,3461,3461
TBMS,7V2450-701-C0,U091,B15,CF6,S599,131,240,240,0,290,254,186,147,140,125,87,110,125,142,118,94,118,118,118,118,118,71,118,118
,,,,,,640440,862577,863327,403222,964897,993665,1317554,1142095,1214794,1199426,1029116,1257544,1231135,1329809,1202463,1071291,1202180,1207521,1214688,1214568,1214568,1057262,1219668,1211955
