Part,Cust #,8/2/2021,8/9/2021,8/16/2021,8/23/2021,8/30/2021,9/6/2021,9/13/2021,9/20/2021,9/27/2021,10/4/2021,10/11/2021,10/18/2021,10/25/2021,11/1/2021,11/8/2021,11/15/2021,11/22/2021,11/29/2021,12/6/2021,12/13/2021,12/20/2021,12/27/2021,1/3/2022,1/10/2022
7V1070-707-C4,U090,F4A,F4A,F4A,F4A,F4A,F4A,F4A,F4A,F4A,F4A,F4A,F4A,F4A,F4A,F4A,F4A,F4A,F4A,F4A,F4A,F4A,F4A,F4A,F4A
7V2070-707-C3,U090,F4B,F4B,F4B,F4B,F4B,F4B,F4B,F4B,F4B,F4B,F4B,F4B,F4B,F4B,F4B,F4B,F4B,F4B,F4B,F4B,F4B,F4B,F4B,F4B
7V1480-707-C1,C028,F4C,F4C,F4C,F4C,F4C,F4C,F4C,F4C,F4C,F4C,F4C,F4C,F4C,F4C,F4C,F4C,F4C,F4C,F4C,F4C,F4C,F4C,F4C,F4C
7V1484-707-A2,C028,F4C,F4C,F4C,F4C,F4C,F4C,F4C,F4C,F4C,F4C,F4C,F4C,F4C,F4C,F4C,F4C,F4C,F4C,F4C,F4C,F4C,F4C,F4C,F4C
7V1487-707-B2,C028,F4C,F4C,F4C,F4C,F4C,F4C,F4C,F4C,F4C,F4C,F4C,F4C,F4C,F4C,F4C,F4C,F4C,F4C,F4C,F4C,F4C,F4C,F4C,F4C
7V1390-707-C3,C028,F4C,F4C,F4C,F4C,F4C,F4C,F4C,F4C,F4C,F4C,F4C,F4C,F4C,F4C,F4C,F4C,F4C,F4C,F4C,F4C,F4C,F4C,F4C,F4C
7V1394-707-A2,C028,F4C,F4C,F4C,F4C,F4C,F4C,F4C,F4C,F4C,F4C,F4C,F4C,F4C,F4C,F4C,F4C,F4C,F4C,F4C,F4C,F4C,F4C,F4C,F4C
7V1397-707-B2,C028,F4C,F4C,F4C,F4C,F4C,F4C,F4C,F4C,F4C,F4C,F4C,F4C,F4C,F4C,F4C,F4C,F4C,F4C,F4C,F4C,F4C,F4C,F4C,F4C
7V2070-707-C3,C028,F4D,F4D,F4D,F4D,F4D,F4D,F4D,F4D,F4D,F4D,F4D,F4D,F4D,F4D,F4D,F4D,F4D,F4D,F4D,F4D,F4D,F4D,F4D,F4D
7V2072-707-A4,C028,F4D,F4D,F4D,F4D,F4D,F4D,F4D,F4D,F4D,F4D,F4D,F4D,F4D,F4D,F4D,F4D,F4D,F4D,F4D,F4D,F4D,F4D,F4D,F4D
7V2078-707-B2,C028,F4D,F4D,F4D,F4D,F4D,F4D,F4D,F4D,F4D,F4D,F4D,F4D,F4D,F4D,F4D,F4D,F4D,F4D,F4D,F4D,F4D,F4D,F4D,F4D
7V2480-707-C0,C028,F4D,F4D,F4D,F4D,F4D,F4D,F4D,F4D,F4D,F4D,F4D,F4D,F4D,F4D,F4D,F4D,F4D,F4D,F4D,F4D,F4D,F4D,F4D,F4D
7V2484-707-A0,C028,F4D,F4D,F4D,F4D,F4D,F4D,F4D,F4D,F4D,F4D,F4D,F4D,F4D,F4D,F4D,F4D,F4D,F4D,F4D,F4D,F4D,F4D,F4D,F4D
7V2487-707-B0,C028,F4D,F4D,F4D,F4D,F4D,F4D,F4D,F4D,F4D,F4D,F4D,F4D,F4D,F4D,F4D,F4D,F4D,F4D,F4D,F4D,F4D,F4D,F4D,F4D
7V2690-707,C028,F4D,F4D,F4D,F4D,F4D,F4D,F4D,F4D,F4D,F4D,F4D,F4D,F4D,F4D,F4D,F4D,F4D,F4D,F4D,F4D,F4D,F4D,F4D,F4D
7V2694-707,C028,F4D,F4D,F4D,F4D,F4D,F4D,F4D,F4D,F4D,F4D,F4D,F4D,F4D,F4D,F4D,F4D,F4D,F4D,F4D,F4D,F4D,F4D,F4D,F4D
7V2697-707,C028,F4D,F4D,F4D,F4D,F4D,F4D,F4D,F4D,F4D,F4D,F4D,F4D,F4D,F4D,F4D,F4D,F4D,F4D,F4D,F4D,F4D,F4D,F4D,F4D
7V2700-707,C028,F4D,F4D,F4D,F4D,F4D,F4D,F4D,F4D,F4D,F4D,F4D,F4D,F4D,F4D,F4D,F4D,F4D,F4D,F4D,F4D,F4D,F4D,F4D,F4D
7V2704-707,C028,F4D,F4D,F4D,F4D,F4D,F4D,F4D,F4D,F4D,F4D,F4D,F4D,F4D,F4D,F4D,F4D,F4D,F4D,F4D,F4D,F4D,F4D,F4D,F4D
7V2707-707,C028,F4D,F4D,F4D,F4D,F4D,F4D,F4D,F4D,F4D,F4D,F4D,F4D,F4D,F4D,F4D,F4D,F4D,F4D,F4D,F4D,F4D,F4D,F4D,F4D
7V1590-707-C3,C028,F4E,F4E,F4E,F4E,F4E,F4E,F4E,F4E,F4E,F4E,F4E,F4E,F4E,F4E,F4E,F4E,F4E,F4E,F4E,F4E,F4E,F4E,F4E,F4E
7V1594-707-A1,C028,F4E,F4E,F4E,F4E,F4E,F4E,F4E,F4E,F4E,F4E,F4E,F4E,F4E,F4E,F4E,F4E,F4E,F4E,F4E,F4E,F4E,F4E,F4E,F4E
7V1597-707-B1,C028,F4E,F4E,F4E,F4E,F4E,F4E,F4E,F4E,F4E,F4E,F4E,F4E,F4E,F4E,F4E,F4E,F4E,F4E,F4E,F4E,F4E,F4E,F4E,F4E
7V1604-707-A1,C028,F4E,F4E,F4E,F4E,F4E,F4E,F4E,F4E,F4E,F4E,F4E,F4E,F4E,F4E,F4E,F4E,F4E,F4E,F4E,F4E,F4E,F4E,F4E,F4E
7V1607-707-B1,C028,F4E,F4E,F4E,F4E,F4E,F4E,F4E,F4E,F4E,F4E,F4E,F4E,F4E,F4E,F4E,F4E,F4E,F4E,F4E,F4E,F4E,F4E,F4E,F4E
7V1770-707,U050,F4E,F4E,F4E,F4E,F4E,F4E,F4E,F4E,F4E,F4E,F4E,F4E,F4E,F4E,F4E,F4E,F4E,F4E,F4E,F4E,F4E,F4E,F4E,F4E
7V2070-707-C3,U050,F4F,F4F,F4F,F4F,F4F,F4F,F4F,F4F,F4F,F4F,F4F,F4F,F4F,F4F,F4F,F4F,F4F,F4F,F4F,F4F,F4F,F4F,F4F,F4F
7V2590-707-C3,C028,F4F,F4F,F4F,F4F,F4F,F4F,F4F,F4F,F4F,F4F,F4F,F4F,F4F,F4F,F4F,F4F,F4F,F4F,F4F,F4F,F4F,F4F,F4F,F4F
7V2594-707-A1,C028,F4F,F4F,F4F,F4F,F4F,F4F,F4F,F4F,F4F,F4F,F4F,F4F,F4F,F4F,F4F,F4F,F4F,F4F,F4F,F4F,F4F,F4F,F4F,F4F
7V2597-707-B1,C028,F4F,F4F,F4F,F4F,F4F,F4F,F4F,F4F,F4F,F4F,F4F,F4F,F4F,F4F,F4F,F4F,F4F,F4F,F4F,F4F,F4F,F4F,F4F,F4F
7V2604-707-A1,C028,F4F,F4F,F4F,F4F,F4F,F4F,F4F,F4F,F4F,F4F,F4F,F4F,F4F,F4F,F4F,F4F,F4F,F4F,F4F,F4F,F4F,F4F,F4F,F4F
7V2607-707-B1,C028,F4F,F4F,F4F,F4F,F4F,F4F,F4F,F4F,F4F,F4F,F4F,F4F,F4F,F4F,F4F,F4F,F4F,F4F,F4F,F4F,F4F,F4F,F4F,F4F
7V2710-707,-,F4G,F4G,F4G,F4G,F4G,F4G,F4G,F4G,F4G,F4G,F4G,F4G,F4G,F4G,F4G,F4G,F4G,F4G,F4G,F4G,F4G,F4G,F4G,F4G
7V2720-707,-,F4G,F4G,F4G,F4G,F4G,F4G,F4G,F4G,F4G,F4G,F4G,F4G,F4G,F4G,F4G,F4G,F4G,F4G,F4G,F4G,F4G,F4G,F4G,F4G
7V1710-707,-,F4G,F4G,F4G,F4G,F4G,F4G,F4G,F4G,F4G,F4G,F4G,F4G,F4G,F4G,F4G,F4G,F4G,F4G,F4G,F4G,F4G,F4G,F4G,F4G
7V1720-707,-,F4G,F4G,F4G,F4G,F4G,F4G,F4G,F4G,F4G,F4G,F4G,F4G,F4G,F4G,F4G,F4G,F4G,F4G,F4G,F4G,F4G,F4G,F4G,F4G
A1507-201B,U041,F43,F43,F43,F43,F43,F43,F43,F43,F43,F43,F43,F43,F43,F43,F43,F43,F43,F43,F43,F43,F43,F43,F43,F43
A1507-201B,U044,F43,F43,F43,F43,F43,F43,F43,F43,F43,F43,F43,F43,F43,F43,F43,F43,F43,F43,F43,F43,F43,F43,F43,F43
A1502-105B,U041,F43,F43,F43,F43,F43,F43,F43,F43,F43,F43,F43,F43,F43,F43,F43,F43,F43,F43,F43,F43,F43,F43,F43,F43
A1502-105B,U044,F43,F43,F43,F43,F43,F43,F43,F43,F43,F43,F43,F43,F43,F43,F43,F43,F43,F43,F43,F43,F43,F43,F43,F43
A1502-201B,U044,F43,F43,F43,F43,F43,F43,F43,F43,F43,F43,F43,F43,F43,F43,F43,F43,F43,F43,F43,F43,F43,F43,F43,F43
A1502-201B,U041,F43,F43,F43,F43,F43,F43,F43,F43,F43,F43,F43,F43,F43,F43,F43,F43,F43,F43,F43,F43,F43,F43,F43,F43
A1500-201B,U070,F43,F43,F43,F43,F43,F43,F43,F43,F43,F43,F43,F43,F43,F43,F43,F43,F43,F43,F43,F43,F43,F43,F43,F43
A1501-201B,U070,F43,F43,F43,F43,F43,F43,F43,F43,F43,F43,F43,F43,F43,F43,F43,F43,F43,F43,F43,F43,F43,F43,F43,F43
A1502-105B,U070,F43,F43,F43,F43,F43,F43,F43,F43,F43,F43,F43,F43,F43,F43,F43,F43,F43,F43,F43,F43,F43,F43,F43,F43
A1502-201B,U070,F43,F43,F43,F43,F43,F43,F43,F43,F43,F43,F43,F43,F43,F43,F43,F43,F43,F43,F43,F43,F43,F43,F43,F43
A1507-201B,U070,F43,F43,F43,F43,F43,F43,F43,F43,F43,F43,F43,F43,F43,F43,F43,F43,F43,F43,F43,F43,F43,F43,F43,F43
A1507-105B,U044,F44,F44,F44,F44,F44,F44,F44,F44,F44,F44,F44,F44,F44,F44,F44,F44,F44,F44,F44,F44,F44,F44,F44,F44
A1507-105B,U041,F44,F44,F44,F44,F44,F44,F44,F44,F44,F44,F44,F44,F44,F44,F44,F44,F44,F44,F44,F44,F44,F44,F44,F44
A1507-105B,U070,F44,F44,F44,F44,F44,F44,F44,F44,F44,F44,F44,F44,F44,F44,F44,F44,F44,F44,F44,F44,F44,F44,F44,F44
A1516-146B,U006,F44,F44,F44,F44,F44,F44,F44,F44,F44,F44,F44,F44,F44,F44,F44,F44,F44,F44,F44,F44,F44,F44,F44,F44
A1516-201B,U006,F44,F44,F44,F44,F44,F44,F44,F44,F44,F44,F44,F44,F44,F44,F44,F44,F44,F44,F44,F44,F44,F44,F44,F44
A1516-008B,U006,F44,F44,F44,F44,F44,F44,F44,F44,F44,F44,F44,F44,F44,F44,F44,F44,F44,F44,F44,F44,F44,F44,F44,F44
A1529-008B,U006,F44,F44,F44,F44,F44,F44,F44,F44,F44,F44,F44,F44,F44,F44,F44,F44,F44,F44,F44,F44,F44,F44,F44,F44
A1529-146B,U006,F44,F44,F44,F44,F44,F44,F44,F44,F44,F44,F44,F44,F44,F44,F44,F44,F44,F44,F44,F44,F44,F44,F44,F44
A1529-201B,U006,F44,F44,F44,F44,F44,F44,F44,F44,F44,F44,F44,F44,F44,F44,F44,F44,F44,F44,F44,F44,F44,F44,F44,F44
7V1740-707,C007,F44,F44,F44,F44,F44,F44,F44,F44,F44,F44,F44,F44,F44,F44,F44,F44,F44,F44,F44,F44,F44,F44,F44,F44
7V1740-707-C3,C007,F44,F44,F44,F44,F44,F44,F44,F44,F44,F44,F44,F44,F44,F44,F44,F44,F44,F44,F44,F44,F44,F44,F44,F44
7V1743-707,C007,F44,F44,F44,F44,F44,F44,F44,F44,F44,F44,F44,F44,F44,F44,F44,F44,F44,F44,F44,F44,F44,F44,F44,F44
7V1748-707,C007,F44,F44,F44,F44,F44,F44,F44,F44,F44,F44,F44,F44,F44,F44,F44,F44,F44,F44,F44,F44,F44,F44,F44,F44
7V2740-707,C007,F44,F44,F44,F44,F44,F44,F44,F44,F44,F44,F44,F44,F44,F44,F44,F44,F44,F44,F44,F44,F44,F44,F44,F44
7V2740-707-C3,C007,F44,F44,F44,F44,F44,F44,F44,F44,F44,F44,F44,F44,F44,F44,F44,F44,F44,F44,F44,F44,F44,F44,F44,F44
7V2743-707,C007,F44,F44,F44,F44,F44,F44,F44,F44,F44,F44,F44,F44,F44,F44,F44,F44,F44,F44,F44,F44,F44,F44,F44,F44
7V2748-707,C007,F44,F44,F44,F44,F44,F44,F44,F44,F44,F44,F44,F44,F44,F44,F44,F44,F44,F44,F44,F44,F44,F44,F44,F44
7V1390-707-C3,U006,F45,F45,F45,F45,F45,F45,F45,F45,F45,F45,F45,F45,F45,F45,F45,F45,F45,F45,F45,F45,F45,F45,F45,F45
7V1390-707-C3,C007,F45,F45,F45,F45,F45,F45,F45,F45,F45,F45,F45,F45,F45,F45,F45,F45,F45,F45,F45,F45,F45,F45,F45,F45
7V1074-707-A0,C007,F46,F46,F46,F46,F46,F46,F46,F46,F46,F46,F46,F46,F46,F46,F46,F46,F46,F46,F46,F46,F46,F46,F46,F46
7V1070-707-C4,C007,F46,F46,F46,F46,F46,F46,F46,F46,F46,F46,F46,F46,F46,F46,F46,F46,F46,F46,F46,F46,F46,F46,F46,F46
7V2070-707-C3,C007,F47,F47,F47,F47,F47,F47,F47,F47,F47,F47,F47,F47,F47,F47,F47,F47,F47,F47,F47,F47,F47,F47,F47,F47
7V1073-707,C007,F48,F48,F48,F48,F48,F48,F48,F48,F48,F48,F48,F48,F48,F48,F48,F48,F48,F48,F48,F48,F48,F48,F48,F48
7V1077-707,C007,F48,F48,F48,F48,F48,F48,F48,F48,F48,F48,F48,F48,F48,F48,F48,F48,F48,F48,F48,F48,F48,F48,F48,F48
7V2073-707,C007,F48,F48,F48,F48,F48,F48,F48,F48,F48,F48,F48,F48,F48,F48,F48,F48,F48,F48,F48,F48,F48,F48,F48,F48
7V2077-707,C007,F48,F48,F48,F48,F48,F48,F48,F48,F48,F48,F48,F48,F48,F48,F48,F48,F48,F48,F48,F48,F48,F48,F48,F48
7V1071-707-C1,C007,F48,F48,F48,F48,F48,F48,F48,F48,F48,F48,F48,F48,F48,F48,F48,F48,F48,F48,F48,F48,F48,F48,F48,F48
7V2071-707-C1,C007,F48,F48,F48,F48,F48,F48,F48,F48,F48,F48,F48,F48,F48,F48,F48,F48,F48,F48,F48,F48,F48,F48,F48,F48
7V1074-707-A1,C007,F48,F48,F48,F48,F48,F48,F48,F48,F48,F48,F48,F48,F48,F48,F48,F48,F48,F48,F48,F48,F48,F48,F48,F48
7V2074-707-A3,C007,F48,F48,F48,F48,F48,F48,F48,F48,F48,F48,F48,F48,F48,F48,F48,F48,F48,F48,F48,F48,F48,F48,F48,F48
7V2079-707-D1,C007,F48,F48,F48,F48,F48,F48,F48,F48,F48,F48,F48,F48,F48,F48,F48,F48,F48,F48,F48,F48,F48,F48,F48,F48
7V1079-707-D1,C007,F48,F48,F48,F48,F48,F48,F48,F48,F48,F48,F48,F48,F48,F48,F48,F48,F48,F48,F48,F48,F48,F48,F48,F48
7V1920-707,U006,F48,F48,F48,F48,F48,F48,F48,F48,F48,F48,F48,F48,F48,F48,F48,F48,F48,F48,F48,F48,F48,F48,F48,F48
7V2760-707,U006,F48,F48,F48,F48,F48,F48,F48,F48,F48,F48,F48,F48,F48,F48,F48,F48,F48,F48,F48,F48,F48,F48,F48,F48
7V2070-707-C3,U006,F49,F49,F49,F49,F49,F49,F49,F49,F49,F49,F49,F49,F49,F49,F49,F49,F49,F49,F49,F49,F49,F49,F49,F49
7V2070-707-C3,U092,F49,F49,F49,F49,F49,F49,F49,F49,F49,F49,F49,F49,F49,F49,F49,F49,F49,F49,F49,F49,F49,F49,F49,F49
7V2210-707,C007,F60,F60,F60,F60,F60,F60,F60,F60,F60,F60,F60,F60,F60,F60,F60,F60,F60,F60,F60,F60,F60,F60,F60,F60
7V2214-707,C007,F60,F60,F60,F60,F60,F60,F60,F60,F60,F60,F60,F60,F60,F60,F60,F60,F60,F60,F60,F60,F60,F60,F60,F60
7V1210-707,C007,F60,F60,F60,F60,F60,F60,F60,F60,F60,F60,F60,F60,F60,F60,F60,F60,F60,F60,F60,F60,F60,F60,F60,F60
7V1214-707,C007,F60,F60,F60,F60,F60,F60,F60,F60,F60,F60,F60,F60,F60,F60,F60,F60,F60,F60,F60,F60,F60,F60,F60,F60
7V2211-707,C007,F60,F60,F60,F60,F60,F60,F60,F60,F60,F60,F60,F60,F60,F60,F60,F60,F60,F60,F60,F60,F60,F60,F60,F60
7V1211-707,C007,F60,F60,F60,F60,F60,F60,F60,F60,F60,F60,F60,F60,F60,F60,F60,F60,F60,F60,F60,F60,F60,F60,F60,F60
7V1750-707,C007,F60,F60,F60,F60,F60,F60,F60,F60,F60,F60,F60,F60,F60,F60,F60,F60,F60,F60,F60,F60,F60,F60,F60,F60
7V1758-707,C007,F60,F60,F60,F60,F60,F60,F60,F60,F60,F60,F60,F60,F60,F60,F60,F60,F60,F60,F60,F60,F60,F60,F60,F60
7V2750-707,C007,F60,F60,F60,F60,F60,F60,F60,F60,F60,F60,F60,F60,F60,F60,F60,F60,F60,F60,F60,F60,F60,F60,F60,F60
7V2758-707,C007,F60,F60,F60,F60,F60,F60,F60,F60,F60,F60,F60,F60,F60,F60,F60,F60,F60,F60,F60,F60,F60,F60,F60,F60
7V2500-707,C028,F33,F33,F33,F33,F33,F33,F33,F33,F33,F33,F33,F33,F33,F33,F33,F33,F33,F33,F33,F33,F33,F33,F33,F33
7V2504-707,C028,F33,F33,F33,F33,F33,F33,F33,F33,F33,F33,F33,F33,F33,F33,F33,F33,F33,F33,F33,F33,F33,F33,F33,F33
7V2507-707,C028,F33,F33,F33,F33,F33,F33,F33,F33,F33,F33,F33,F33,F33,F33,F33,F33,F33,F33,F33,F33,F33,F33,F33,F33
7V1500-707,C028,F33,F33,F33,F33,F33,F33,F33,F33,F33,F33,F33,F33,F33,F33,F33,F33,F33,F33,F33,F33,F33,F33,F33,F33
7V1504-707,C028,F33,F33,F33,F33,F33,F33,F33,F33,F33,F33,F33,F33,F33,F33,F33,F33,F33,F33,F33,F33,F33,F33,F33,F33
7V1507-707,C028,F33,F33,F33,F33,F33,F33,F33,F33,F33,F33,F33,F33,F33,F33,F33,F33,F33,F33,F33,F33,F33,F33,F33,F33
7V2420-707,U006,F13,F13,F13,F13,F13,F13,F13,F13,F13,F13,F13,F13,F13,F13,F13,F13,F13,F13,F13,F13,F13,F13,F13,F13
7V2420-707,C007,F13,F13,F13,F13,F13,F13,F13,F13,F13,F13,F13,F13,F13,F13,F13,F13,F13,F13,F13,F13,F13,F13,F13,F13
7V1420-707,C007,F15,F15,F15,F15,F15,F15,F15,F15,F15,F15,F15,F15,F15,F15,F15,F15,F15,F15,F15,F15,F15,F15,F15,F15
7V1420-707,U006,F15,F15,F15,F15,F15,F15,F15,F15,F15,F15,F15,F15,F15,F15,F15,F15,F15,F15,F15,F15,F15,F15,F15,F15
A4074-138B,U044,F35,F35,F35,F35,F35,F35,F35,F35,F35,F35,F35,F35,F35,F35,F35,F35,F35,F35,F35,F35,F35,F35,F35,F35
A4074-201B,U044,F35,F35,F35,F35,F35,F35,F35,F35,F35,F35,F35,F35,F35,F35,F35,F35,F35,F35,F35,F35,F35,F35,F35,F35
A4074-457B,U044,F35,F35,F35,F35,F35,F35,F35,F35,F35,F35,F35,F35,F35,F35,F35,F35,F35,F35,F35,F35,F35,F35,F35,F35
A4074-F2K4,U044,F35,F35,F35,F35,F35,F35,F35,F35,F35,F35,F35,F35,F35,F35,F35,F35,F35,F35,F35,F35,F35,F35,F35,F35
A4075-138B,U044,F35,F35,F35,F35,F35,F35,F35,F35,F35,F35,F35,F35,F35,F35,F35,F35,F35,F35,F35,F35,F35,F35,F35,F35
A4075-201B,U044,F35,F35,F35,F35,F35,F35,F35,F35,F35,F35,F35,F35,F35,F35,F35,F35,F35,F35,F35,F35,F35,F35,F35,F35
A4075-457B,U044,F35,F35,F35,F35,F35,F35,F35,F35,F35,F35,F35,F35,F35,F35,F35,F35,F35,F35,F35,F35,F35,F35,F35,F35
A4075-F2K4,U044,F35,F35,F35,F35,F35,F35,F35,F35,F35,F35,F35,F35,F35,F35,F35,F35,F35,F35,F35,F35,F35,F35,F35,F35
7V1127-707,C028,F35,F35,F35,F35,F35,F35,F35,F35,F35,F35,F35,F35,F35,F35,F35,F35,F35,F35,F35,F35,F35,F35,F35,F35
7V1120-707,C028,F35,F35,F35,F35,F35,F35,F35,F35,F35,F35,F35,F35,F35,F35,F35,F35,F35,F35,F35,F35,F35,F35,F35,F35
7V1124-707,C028,F35,F35,F35,F35,F35,F35,F35,F35,F35,F35,F35,F35,F35,F35,F35,F35,F35,F35,F35,F35,F35,F35,F35,F35
7V2127-707,C028,F35,F35,F35,F35,F35,F35,F35,F35,F35,F35,F35,F35,F35,F35,F35,F35,F35,F35,F35,F35,F35,F35,F35,F35
7V2120-707,C028,F35,F35,F35,F35,F35,F35,F35,F35,F35,F35,F35,F35,F35,F35,F35,F35,F35,F35,F35,F35,F35,F35,F35,F35
7V2124-707,C028,F35,F35,F35,F35,F35,F35,F35,F35,F35,F35,F35,F35,F35,F35,F35,F35,F35,F35,F35,F35,F35,F35,F35,F35
7M5057-707,U044,F20,F20,F20,F20,F20,F20,F20,F20,F20,F20,F20,F20,F20,F20,F20,F20,F20,F20,F20,F20,F20,F20,F20,F20
7M5050-707,U044,F20,F20,F20,F20,F20,F20,F20,F20,F20,F20,F20,F20,F20,F20,F20,F20,F20,F20,F20,F20,F20,F20,F20,F20
7M5054-707,U044,F20,F20,F20,F20,F20,F20,F20,F20,F20,F20,F20,F20,F20,F20,F20,F20,F20,F20,F20,F20,F20,F20,F20,F20
7V1147-707,C028,F20,F20,F20,F20,F20,F20,F20,F20,F20,F20,F20,F20,F20,F20,F20,F20,F20,F20,F20,F20,F20,F20,F20,F20
7V1140-707,C028,F20,F20,F20,F20,F20,F20,F20,F20,F20,F20,F20,F20,F20,F20,F20,F20,F20,F20,F20,F20,F20,F20,F20,F20
7V1144-707,C028,F20,F20,F20,F20,F20,F20,F20,F20,F20,F20,F20,F20,F20,F20,F20,F20,F20,F20,F20,F20,F20,F20,F20,F20
7V2147-707,C028,F20,F20,F20,F20,F20,F20,F20,F20,F20,F20,F20,F20,F20,F20,F20,F20,F20,F20,F20,F20,F20,F20,F20,F20
7V2140-707,C028,F20,F20,F20,F20,F20,F20,F20,F20,F20,F20,F20,F20,F20,F20,F20,F20,F20,F20,F20,F20,F20,F20,F20,F20
7V2144-707,C028,F20,F20,F20,F20,F20,F20,F20,F20,F20,F20,F20,F20,F20,F20,F20,F20,F20,F20,F20,F20,F20,F20,F20,F20
7V1157-707,C028,F20,F20,F20,F20,F20,F20,F20,F20,F20,F20,F20,F20,F20,F20,F20,F20,F20,F20,F20,F20,F20,F20,F20,F20
7V1150-707,C028,F20,F20,F20,F20,F20,F20,F20,F20,F20,F20,F20,F20,F20,F20,F20,F20,F20,F20,F20,F20,F20,F20,F20,F20
7V1154-707,C028,F20,F20,F20,F20,F20,F20,F20,F20,F20,F20,F20,F20,F20,F20,F20,F20,F20,F20,F20,F20,F20,F20,F20,F20
7V2167-707,C028,F20,F20,F20,F20,F20,F20,F20,F20,F20,F20,F20,F20,F20,F20,F20,F20,F20,F20,F20,F20,F20,F20,F20,F20
7V2160-707,C028,F20,F20,F20,F20,F20,F20,F20,F20,F20,F20,F20,F20,F20,F20,F20,F20,F20,F20,F20,F20,F20,F20,F20,F20
7V2164-707,C028,F20,F20,F20,F20,F20,F20,F20,F20,F20,F20,F20,F20,F20,F20,F20,F20,F20,F20,F20,F20,F20,F20,F20,F20
7V2157-707,C028,F20,F20,F20,F20,F20,F20,F20,F20,F20,F20,F20,F20,F20,F20,F20,F20,F20,F20,F20,F20,F20,F20,F20,F20
7V2150-707,C028,F20,F20,F20,F20,F20,F20,F20,F20,F20,F20,F20,F20,F20,F20,F20,F20,F20,F20,F20,F20,F20,F20,F20,F20
7V2154-707,C028,F20,F20,F20,F20,F20,F20,F20,F20,F20,F20,F20,F20,F20,F20,F20,F20,F20,F20,F20,F20,F20,F20,F20,F20
7M5257-707,U003,F25,F25,F25,F25,F25,F25,F25,F25,F25,F25,F25,F25,F25,F25,F25,F25,F25,F25,F25,F25,F25,F25,F25,F25
7V1107-707,U044,F25,F25,F25,F25,F25,F25,F25,F25,F25,F25,F25,F25,F25,F25,F25,F25,F25,F25,F25,F25,F25,F25,F25,F25
7V1100-707,U044,F25,F25,F25,F25,F25,F25,F25,F25,F25,F25,F25,F25,F25,F25,F25,F25,F25,F25,F25,F25,F25,F25,F25,F25
7V1104-707,U044,F25,F25,F25,F25,F25,F25,F25,F25,F25,F25,F25,F25,F25,F25,F25,F25,F25,F25,F25,F25,F25,F25,F25,F25
7V1117-707,U044,F25,F25,F25,F25,F25,F25,F25,F25,F25,F25,F25,F25,F25,F25,F25,F25,F25,F25,F25,F25,F25,F25,F25,F25
7V1110-707,U044,F25,F25,F25,F25,F25,F25,F25,F25,F25,F25,F25,F25,F25,F25,F25,F25,F25,F25,F25,F25,F25,F25,F25,F25
7V1114-707,U044,F25,F25,F25,F25,F25,F25,F25,F25,F25,F25,F25,F25,F25,F25,F25,F25,F25,F25,F25,F25,F25,F25,F25,F25
7V1113-707,U044,F25,F25,F25,F25,F25,F25,F25,F25,F25,F25,F25,F25,F25,F25,F25,F25,F25,F25,F25,F25,F25,F25,F25,F25
7V2117-707,U044,F25,F25,F25,F25,F25,F25,F25,F25,F25,F25,F25,F25,F25,F25,F25,F25,F25,F25,F25,F25,F25,F25,F25,F25
7V2110-707,U044,F25,F25,F25,F25,F25,F25,F25,F25,F25,F25,F25,F25,F25,F25,F25,F25,F25,F25,F25,F25,F25,F25,F25,F25
7V2114-707,U044,F25,F25,F25,F25,F25,F25,F25,F25,F25,F25,F25,F25,F25,F25,F25,F25,F25,F25,F25,F25,F25,F25,F25,F25
7V2113-707,U044,F25,F25,F25,F25,F25,F25,F25,F25,F25,F25,F25,F25,F25,F25,F25,F25,F25,F25,F25,F25,F25,F25,F25,F25
A1557-202B,U006,F06,F06,F06,F06,F06,F06,F06,F06,F06,F06,F06,F06,F06,F06,F06,F06,F06,F06,F06,F06,F06,F06,F06,F06
7M5227-707,C028,F06,F06,F06,F06,F06,F06,F06,F06,F06,F06,F06,F06,F06,F06,F06,F06,F06,F06,F06,F06,F06,F06,F06,F06
7M5220-707,C028,F06,F06,F06,F06,F06,F06,F06,F06,F06,F06,F06,F06,F06,F06,F06,F06,F06,F06,F06,F06,F06,F06,F06,F06
7M5224-707,C028,F06,F06,F06,F06,F06,F06,F06,F06,F06,F06,F06,F06,F06,F06,F06,F06,F06,F06,F06,F06,F06,F06,F06,F06
A1526-201B,U014,F51,F51,F51,F51,F51,F51,F51,F51,F51,F51,F51,F51,F51,F51,F51,F51,F51,F51,F51,F51,F51,F51,F51,F51
7M5290-707,C029,F51,F51,F51,F51,F51,F51,F51,F51,F51,F51,F51,F51,F51,F51,F51,F51,F51,F51,F51,F51,F51,F51,F51,F51
7M5294-707,C029,F51,F51,F51,F51,F51,F51,F51,F51,F51,F51,F51,F51,F51,F51,F51,F51,F51,F51,F51,F51,F51,F51,F51,F51
7M5297-707,C029,F51,F51,F51,F51,F51,F51,F51,F51,F51,F51,F51,F51,F51,F51,F51,F51,F51,F51,F51,F51,F51,F51,F51,F51
7M5300-707,C029,F51,F51,F51,F51,F51,F51,F51,F51,F51,F51,F51,F51,F51,F51,F51,F51,F51,F51,F51,F51,F51,F51,F51,F51
7M5304-707,C029,F51,F51,F51,F51,F51,F51,F51,F51,F51,F51,F51,F51,F51,F51,F51,F51,F51,F51,F51,F51,F51,F51,F51,F51
7M5307-707,C029,F51,F51,F51,F51,F51,F51,F51,F51,F51,F51,F51,F51,F51,F51,F51,F51,F51,F51,F51,F51,F51,F51,F51,F51
7M5290-707,C033,F51,F51,F51,F51,F51,F51,F51,F51,F51,F51,F51,F51,F51,F51,F51,F51,F51,F51,F51,F51,F51,F51,F51,F51
7M5294-707,C033,F51,F51,F51,F51,F51,F51,F51,F51,F51,F51,F51,F51,F51,F51,F51,F51,F51,F51,F51,F51,F51,F51,F51,F51
7M5297-707,C033,F51,F51,F51,F51,F51,F51,F51,F51,F51,F51,F51,F51,F51,F51,F51,F51,F51,F51,F51,F51,F51,F51,F51,F51
7M5320-707,C028,F51,F51,F51,F51,F51,F51,F51,F51,F51,F51,F51,F51,F51,F51,F51,F51,F51,F51,F51,F51,F51,F51,F51,F51
7M5324-707,C028,F51,F51,F51,F51,F51,F51,F51,F51,F51,F51,F51,F51,F51,F51,F51,F51,F51,F51,F51,F51,F51,F51,F51,F51
7M5327-707,C028,F51,F51,F51,F51,F51,F51,F51,F51,F51,F51,F51,F51,F51,F51,F51,F51,F51,F51,F51,F51,F51,F51,F51,F51
7V2497-707,C028,F56,F51,F51,F51,F51,F51,F51,F51,F51,F51,F51,F51,F51,F51,F51,F51,F51,F51,F51,F51,F51,F51,F51,F51
7M5120-707,C007,F51,F51,F51,F51,F51,F51,F51,F51,F51,F51,F51,F51,F51,F51,F51,F51,F51,F51,F51,F51,F51,F51,F51,F51
7M5121-707,C007,F51,F51,F51,F51,F51,F51,F51,F51,F51,F51,F51,F51,F51,F51,F51,F51,F51,F51,F51,F51,F51,F51,F51,F51
7M5124-707,C007,F51,F51,F51,F51,F51,F51,F51,F51,F51,F51,F51,F51,F51,F51,F51,F51,F51,F51,F51,F51,F51,F51,F51,F51
7M5390-707,C007,F51,F51,F51,F51,F51,F51,F51,F51,F51,F51,F51,F51,F51,F51,F51,F51,F51,F51,F51,F51,F51,F51,F51,F51
7M5398-707,C007,F51,F51,F51,F51,F51,F51,F51,F51,F51,F51,F51,F51,F51,F51,F51,F51,F51,F51,F51,F51,F51,F51,F51,F51
7M5240-707,U013,F52,F52,F52,F52,F52,F52,F52,F52,F52,F52,F52,F52,F52,F52,F52,F52,F52,F52,F52,F52,F52,F52,F52,F52
7M5240-707,C043,F52,F52,F52,F52,F52,F52,F52,F52,F52,F52,F52,F52,F52,F52,F52,F52,F52,F52,F52,F52,F52,F52,F52,F52
7M5090-707,C017,F54,F54,F54,F54,F54,F54,F54,F54,F54,F54,F54,F54,F54,F54,F54,F54,F54,F54,F54,F54,F54,F54,F54,F54
7M5094-707,C017,F54,F54,F54,F54,F54,F54,F54,F54,F54,F54,F54,F54,F54,F54,F54,F54,F54,F54,F54,F54,F54,F54,F54,F54
7M5370-707,C017,F54,F54,F54,F54,F54,F54,F54,F54,F54,F54,F54,F54,F54,F54,F54,F54,F54,F54,F54,F54,F54,F54,F54,F54
7V1650-707,C017,F54,F54,F54,F54,F54,F54,F54,F54,F54,F54,F54,F54,F54,F54,F54,F54,F54,F54,F54,F54,F54,F54,F54,F54
7V2650-707,C017,F54,F54,F54,F54,F54,F54,F54,F54,F54,F54,F54,F54,F54,F54,F54,F54,F54,F54,F54,F54,F54,F54,F54,F54
7V1630-707,C017,F54,F54,F54,F54,F54,F54,F54,F54,F54,F54,F54,F54,F54,F54,F54,F54,F54,F54,F54,F54,F54,F54,F54,F54
7V2630-707,C017,F54,F54,F54,F54,F54,F54,F54,F54,F54,F54,F54,F54,F54,F54,F54,F54,F54,F54,F54,F54,F54,F54,F54,F54
7V1520-707,C028,F55,F55,F55,F55,F55,F55,F55,F55,F55,F55,F55,F55,F55,F55,F55,F55,F55,F55,F55,F55,F55,F55,F55,F55
7V1524-707,C028,F55,F55,F55,F55,F55,F55,F55,F55,F55,F55,F55,F55,F55,F55,F55,F55,F55,F55,F55,F55,F55,F55,F55,F55
7V1527-707,C028,F55,F55,F55,F55,F55,F55,F55,F55,F55,F55,F55,F55,F55,F55,F55,F55,F55,F55,F55,F55,F55,F55,F55,F55
7V2527-707,C028,F55,F55,F55,F55,F55,F55,F55,F55,F55,F55,F55,F55,F55,F55,F55,F55,F55,F55,F55,F55,F55,F55,F55,F55
7V1490-707,C028,F56,F56,F56,F56,F56,F56,F56,F56,F56,F56,F56,F56,F56,F56,F56,F56,F56,F56,F56,F56,F56,F56,F56,F56
7V2490-707,C028,F56,F56,F56,F56,F56,F56,F56,F56,F56,F56,F56,F56,F56,F56,F56,F56,F56,F56,F56,F56,F56,F56,F56,F56
7V2494-707,C028,F56,F55,F55,F55,F55,F55,F55,F55,F55,F55,F55,F55,F55,F55,F55,F55,F55,F55,F55,F55,F55,F55,F55,F55
7V2780-707,C028,F56,F56,F56,F56,F56,F56,F56,F56,F56,F56,F56,F56,F56,F56,F56,F56,F56,F56,F56,F56,F56,F56,F56,F56
7V2784-707,C028,F56,F56,F56,F56,F56,F56,F56,F56,F56,F56,F56,F56,F56,F56,F56,F56,F56,F56,F56,F56,F56,F56,F56,F56
7V2787-707,C028,F56,F56,F56,F56,F56,F56,F56,F56,F56,F56,F56,F56,F56,F56,F56,F56,F56,F56,F56,F56,F56,F56,F56,F56
7V1494-707,C028,F57,F57,F57,F57,F57,F57,F57,F57,F55,F55,F55,F55,F55,F55,F55,F55,F55,F55,F55,F55,F55,F55,F55,F55
7V1497-707,C028,F57,F57,F57,F57,F57,F57,F57,F57,F55,F55,F55,F55,F55,F55,F55,F55,F55,F55,F55,F55,F55,F55,F55,F55
7V1510-707,C028,F57,F57,F57,F57,F57,F57,F57,F57,F55,F55,F55,F55,F55,F56,F56,F56,F56,F56,F56,F56,F56,F56,F56,F56
7V1514-707,C028,F57,F57,F57,F57,F57,F57,F57,F57,F55,F55,F55,F55,F55,F56,F56,F56,F56,F56,F56,F56,F56,F56,F56,F56
7V1517-707,C028,F57,F57,F57,F57,F57,F57,F57,F57,F55,F55,F55,F55,F55,F56,F56,F56,F56,F56,F56,F56,F56,F56,F56,F56
7V1530-707,C028,F57,F57,F57,F57,F57,F57,F57,F57,F55,F55,F55,F55,F55,F55,F55,F55,F55,F55,F55,F55,F55,F55,F55,F55
7V1534-707,C028,F57,F57,F57,F57,F57,F57,F57,F57,F55,F55,F55,F55,F55,F55,F55,F55,F55,F55,F55,F55,F55,F55,F55,F55
7V1537-707,C028,F57,F57,F57,F57,F57,F57,F57,F57,F55,F55,F55,F55,F55,F55,F55,F55,F55,F55,F55,F55,F55,F55,F55,F55
7V2510-707,C028,F57,F57,F57,F57,F57,F57,F57,F57,F55,F55,F55,F55,F55,F56,F56,F56,F56,F56,F56,F56,F56,F56,F56,F56
7V2514-707,C028,F57,F57,F57,F57,F57,F57,F57,F57,F55,F55,F55,F55,F55,F56,F56,F56,F56,F56,F56,F56,F56,F56,F56,F56
7V2517-707,C028,F57,F57,F57,F57,F57,F57,F57,F57,F55,F55,F55,F55,F55,F56,F56,F56,F56,F56,F56,F56,F56,F56,F56,F56
7V2520-707,C028,F57,F57,F57,F57,F57,F57,F57,F57,F57,F57,F57,F57,F57,F57,F57,F57,F57,F57,F57,F57,F57,F57,F57,F57
7V2524-707,C028,F57,F57,F57,F57,F57,F57,F57,F57,F57,F57,F57,F57,F57,F57,F57,F57,F57,F57,F57,F57,F57,F57,F57,F57
7V2530-707,C028,F57,F57,F57,F57,F57,F57,F57,F57,F55,F55,F55,F55,F55,F55,F55,F55,F55,F55,F55,F55,F55,F55,F55,F55
7V2534-707,C028,F57,F57,F57,F57,F57,F57,F57,F57,F55,F55,F55,F55,F55,F55,F55,F55,F55,F55,F55,F55,F55,F55,F55,F55
7V2537-707,C028,F57,F57,F57,F57,F57,F57,F57,F57,F55,F55,F55,F55,F55,F55,F55,F55,F55,F55,F55,F55,F55,F55,F55,F55
7V1780-707,C028,F57,F57,F57,F57,F57,F57,F57,F57,F57,F57,F57,F57,F57,F57,F57,F57,F57,F57,F57,F57,F57,F57,F57,F57
7V1784-707,C028,F57,F57,F57,F57,F57,F57,F57,F57,F57,F57,F57,F57,F57,F57,F57,F57,F57,F57,F57,F57,F57,F57,F57,F57
7V1787-707,C028,F57,F57,F57,F57,F57,F57,F57,F57,F57,F57,F57,F57,F57,F57,F57,F57,F57,F57,F57,F57,F57,F57,F57,F57
7M5330-707,C028,F58,F58,F58,F58,F58,F58,F58,F58,F58,F58,F58,F58,F58,F58,F58,F58,F58,F58,F58,F58,F58,F58,F58,F58
7M5334-707,C028,F58,F58,F58,F58,F58,F58,F58,F58,F58,F58,F58,F58,F58,F58,F58,F58,F58,F58,F58,F58,F58,F58,F58,F58
7M5337-707,C028,F58,F58,F58,F58,F58,F58,F58,F58,F58,F58,F58,F58,F58,F58,F58,F58,F58,F58,F58,F58,F58,F58,F58,F58
7M5344-707,C028,F58,F58,F58,F58,F58,F58,F58,F58,F58,F58,F58,F58,F58,F58,F58,F58,F58,F58,F58,F58,F58,F58,F58,F58
7M5347-707,C028,F58,F58,F58,F58,F58,F58,F58,F58,F58,F58,F58,F58,F58,F58,F58,F58,F58,F58,F58,F58,F58,F58,F58,F58
7V1610-707,C028,F58,F58,F58,F58,F58,F58,F58,F58,F58,F58,F58,F58,F58,F58,F58,F58,F58,F58,F58,F58,F58,F58,F58,F58
7V1614-707,C028,F58,F58,F58,F58,F58,F58,F58,F58,F58,F58,F58,F58,F58,F58,F58,F58,F58,F58,F58,F58,F58,F58,F58,F58
7V1616-707,C028,F58,F58,F58,F58,F58,F58,F58,F58,F58,F58,F58,F58,F58,F58,F58,F58,F58,F58,F58,F58,F58,F58,F58,F58
7V1617-707,C028,F58,F58,F58,F58,F58,F58,F58,F58,F58,F58,F58,F58,F58,F58,F58,F58,F58,F58,F58,F58,F58,F58,F58,F58
7V1624-707,C028,F58,F58,F58,F58,F58,F58,F58,F58,F58,F58,F58,F58,F58,F58,F58,F58,F58,F58,F58,F58,F58,F58,F58,F58
7V1626-707,C028,F58,F58,F58,F58,F58,F58,F58,F58,F58,F58,F58,F58,F58,F58,F58,F58,F58,F58,F58,F58,F58,F58,F58,F58
7V1627-707,C028,F58,F58,F58,F58,F58,F58,F58,F58,F58,F58,F58,F58,F58,F58,F58,F58,F58,F58,F58,F58,F58,F58,F58,F58
7V2610-707,C028,F58,F58,F58,F58,F58,F58,F58,F58,F58,F58,F58,F58,F58,F58,F58,F58,F58,F58,F58,F58,F58,F58,F58,F58
7V2614-707,C028,F58,F58,F58,F58,F58,F58,F58,F58,F58,F58,F58,F58,F58,F58,F58,F58,F58,F58,F58,F58,F58,F58,F58,F58
7V2616-707,C028,F58,F58,F58,F58,F58,F58,F58,F58,F58,F58,F58,F58,F58,F58,F58,F58,F58,F58,F58,F58,F58,F58,F58,F58
7V2617-707,C028,F58,F58,F58,F58,F58,F58,F58,F58,F58,F58,F58,F58,F58,F58,F58,F58,F58,F58,F58,F58,F58,F58,F58,F58
7V2624-707,C028,F58,F58,F58,F58,F58,F58,F58,F58,F58,F58,F58,F58,F58,F58,F58,F58,F58,F58,F58,F58,F58,F58,F58,F58
7V2626-707,C028,F58,F58,F58,F58,F58,F58,F58,F58,F58,F58,F58,F58,F58,F58,F58,F58,F58,F58,F58,F58,F58,F58,F58,F58
7V2627-707,C028,F58,F58,F58,F58,F58,F58,F58,F58,F58,F58,F58,F58,F58,F58,F58,F58,F58,F58,F58,F58,F58,F58,F58,F58
7M5040-707,U066,F07,F07,F07,F07,F07,F07,F07,F07,F07,F07,F07,F07,F07,F07,F07,F07,F07,F07,F07,F07,F07,F07,F07,F07
7M5067-707,U066,F07,F07,F07,F07,F07,F07,F07,F07,F07,F07,F07,F07,F07,F07,F07,F07,F07,F07,F07,F07,F07,F07,F07,F07
7M5060-707,U066,F07,F07,F07,F07,F07,F07,F07,F07,F07,F07,F07,F07,F07,F07,F07,F07,F07,F07,F07,F07,F07,F07,F07,F07
7M5064-707,U066,F07,F07,F07,F07,F07,F07,F07,F07,F07,F07,F07,F07,F07,F07,F07,F07,F07,F07,F07,F07,F07,F07,F07,F07
7M5077-707,C029,F07,F07,F07,F07,F07,F07,F07,F07,F07,F07,F07,F07,F07,F07,F07,F07,F07,F07,F07,F07,F07,F07,F07,F07
7M5074-707,C029,F07,F07,F07,F07,F07,F07,F07,F07,F07,F07,F07,F07,F07,F07,F07,F07,F07,F07,F07,F07,F07,F07,F07,F07
A0136,C029,C10,C10,C10,C10,C10,C10,C10,C10,C10,C10,C10,C10,C10,C10,C10,C10,C10,C10,C10,C10,C10,C10,C10,C10
7V2497-701,C029,C10,C10,C10,C10,C10,C10,C10,C10,C10,C10,C10,C10,C10,C10,C10,C10,C10,C10,C10,C10,C10,C10,C10,C10
7V2490-701,C029,C10,C10,C10,C10,C10,C10,C10,C10,C10,C10,C10,C10,C10,C10,C10,C10,C10,C10,C10,C10,C10,C10,C10,C10
7V2494-701,C029,C10,C10,C10,C10,C10,C10,C10,C10,C10,C10,C10,C10,C10,C10,C10,C10,C10,C10,C10,C10,C10,C10,C10,C10
7V2517-701,C029,C10,C10,C10,C10,C10,C10,C10,C10,C10,C10,C10,C10,C10,C10,C10,C10,C10,C10,C10,C10,C10,C10,C10,C10
7V2510-701,C029,C10,C10,C10,C10,C10,C10,C10,C10,C10,C10,C10,C10,C10,C10,C10,C10,C10,C10,C10,C10,C10,C10,C10,C10
7V2514-701,C029,C10,C10,C10,C10,C10,C10,C10,C10,C10,C10,C10,C10,C10,C10,C10,C10,C10,C10,C10,C10,C10,C10,C10,C10
7V2500-701,C029,C10,C10,C10,C10,C10,C10,C10,C10,C10,C10,C10,C10,C10,C10,C10,C10,C10,C10,C10,C10,C10,C10,C10,C10
7V2504-701,C029,C10,C10,C10,C10,C10,C10,C10,C10,C10,C10,C10,C10,C10,C10,C10,C10,C10,C10,C10,C10,C10,C10,C10,C10
7V2507-701,C029,C10,C10,C10,C10,C10,C10,C10,C10,C10,C10,C10,C10,C10,C10,C10,C10,C10,C10,C10,C10,C10,C10,C10,C10
7M5297-701,C029,C10,C10,C10,C10,C10,C10,C10,C10,C10,C10,C10,C10,C10,C10,C10,C10,C10,C10,C10,C10,C10,C10,C10,C10
7M5290-701,C029,C10,C10,C10,C10,C10,C10,C10,C10,C10,C10,C10,C10,C10,C10,C10,C10,C10,C10,C10,C10,C10,C10,C10,C10
7M5294-701,C029,C10,C10,C10,C10,C10,C10,C10,C10,C10,C10,C10,C10,C10,C10,C10,C10,C10,C10,C10,C10,C10,C10,C10,C10
7M5317-701,C029,C10,C10,C10,C10,C10,C10,C10,C10,C10,C10,C10,C10,C10,C10,C10,C10,C10,C10,C10,C10,C10,C10,C10,C10
7M5310-701,C029,C10,C10,C10,C10,C10,C10,C10,C10,C10,C10,C10,C10,C10,C10,C10,C10,C10,C10,C10,C10,C10,C10,C10,C10
7M5314-701,C029,C10,C10,C10,C10,C10,C10,C10,C10,C10,C10,C10,C10,C10,C10,C10,C10,C10,C10,C10,C10,C10,C10,C10,C10
7M5307-701,C029,C10,C10,C10,C10,C10,C10,C10,C10,C10,C10,C10,C10,C10,C10,C10,C10,C10,C10,C10,C10,C10,C10,C10,C10
7M5300-701,C029,C10,C10,C10,C10,C10,C10,C10,C10,C10,C10,C10,C10,C10,C10,C10,C10,C10,C10,C10,C10,C10,C10,C10,C10
7M5304-701,C029,C10,C10,C10,C10,C10,C10,C10,C10,C10,C10,C10,C10,C10,C10,C10,C10,C10,C10,C10,C10,C10,C10,C10,C10
7V1497-701,C029,C10,C10,C10,C10,C10,C10,C10,C10,C10,C10,C10,C10,C10,C10,C10,C10,C10,C10,C10,C10,C10,C10,C10,C10
7V1490-701,C029,C10,C10,C10,C10,C10,C10,C10,C10,C10,C10,C10,C10,C10,C10,C10,C10,C10,C10,C10,C10,C10,C10,C10,C10
7V1494-701,C029,C10,C10,C10,C10,C10,C10,C10,C10,C10,C10,C10,C10,C10,C10,C10,C10,C10,C10,C10,C10,C10,C10,C10,C10
7V1517-701,C029,C10,C10,C10,C10,C10,C10,C10,C10,C10,C10,C10,C10,C10,C10,C10,C10,C10,C10,C10,C10,C10,C10,C10,C10
7V1510-701,C029,C10,C10,C10,C10,C10,C10,C10,C10,C10,C10,C10,C10,C10,C10,C10,C10,C10,C10,C10,C10,C10,C10,C10,C10
7V1514-701,C029,C10,C10,C10,C10,C10,C10,C10,C10,C10,C10,C10,C10,C10,C10,C10,C10,C10,C10,C10,C10,C10,C10,C10,C10
7V1507-701,C029,C10,C10,C10,C10,C10,C10,C10,C10,C10,C10,C10,C10,C10,C10,C10,C10,C10,C10,C10,C10,C10,C10,C10,C10
7V1500-701,C029,C10,C10,C10,C10,C10,C10,C10,C10,C10,C10,C10,C10,C10,C10,C10,C10,C10,C10,C10,C10,C10,C10,C10,C10
7V1504-701,C029,C10,C10,C10,C10,C10,C10,C10,C10,C10,C10,C10,C10,C10,C10,C10,C10,C10,C10,C10,C10,C10,C10,C10,C10
7V2524-701,C029,C10,C10,C10,C10,C10,C10,C10,C10,C10,C10,C10,C10,C10,C10,C10,C10,C10,C10,C10,C10,C10,C10,C10,C10
7V2527-701,C029,C10,C10,C10,C10,C10,C10,C10,C10,C10,C10,C10,C10,C10,C10,C10,C10,C10,C10,C10,C10,C10,C10,C10,C10
7V2520-701,C029,C10,C10,C10,C10,C10,C10,C10,C10,C10,C10,C10,C10,C10,C10,C10,C10,C10,C10,C10,C10,C10,C10,C10,C10
7V2537-701,C029,C10,C10,C10,C10,C10,C10,C10,C10,C10,C10,C10,C10,C10,C10,C10,C10,C10,C10,C10,C10,C10,C10,C10,C10
7V2550-701,C029,C10,C10,C10,C10,C10,C10,C10,C10,C10,C10,C10,C10,C10,C10,C10,C10,C10,C10,C10,C10,C10,C10,C10,C10
7V2554-701,C029,C10,C10,C10,C10,C10,C10,C10,C10,C10,C10,C10,C10,C10,C10,C10,C10,C10,C10,C10,C10,C10,C10,C10,C10
7V2557-701,C029,C10,C10,C10,C10,C10,C10,C10,C10,C10,C10,C10,C10,C10,C10,C10,C10,C10,C10,C10,C10,C10,C10,C10,C10
7V2530-701,C029,C10,C10,C10,C10,C10,C10,C10,C10,C10,C10,C10,C10,C10,C10,C10,C10,C10,C10,C10,C10,C10,C10,C10,C10
7V2534-701,C029,C10,C10,C10,C10,C10,C10,C10,C10,C10,C10,C10,C10,C10,C10,C10,C10,C10,C10,C10,C10,C10,C10,C10,C10
7V2547-701,C029,C10,C10,C10,C10,C10,C10,C10,C10,C10,C10,C10,C10,C10,C10,C10,C10,C10,C10,C10,C10,C10,C10,C10,C10
7V2540-701,C029,C10,C10,C10,C10,C10,C10,C10,C10,C10,C10,C10,C10,C10,C10,C10,C10,C10,C10,C10,C10,C10,C10,C10,C10
7V2544-701,C029,C10,C10,C10,C10,C10,C10,C10,C10,C10,C10,C10,C10,C10,C10,C10,C10,C10,C10,C10,C10,C10,C10,C10,C10
7M5324-701,C029,C10,C10,C10,C10,C10,C10,C10,C10,C10,C10,C10,C10,C10,C10,C10,C10,C10,C10,C10,C10,C10,C10,C10,C10
7M5327-701,C029,C10,C10,C10,C10,C10,C10,C10,C10,C10,C10,C10,C10,C10,C10,C10,C10,C10,C10,C10,C10,C10,C10,C10,C10
7M5320-701,C029,C10,C10,C10,C10,C10,C10,C10,C10,C10,C10,C10,C10,C10,C10,C10,C10,C10,C10,C10,C10,C10,C10,C10,C10
7M9144-701,C029,C10,C10,C10,C10,C10,C10,C10,C10,C10,C10,C10,C10,C10,C10,C10,C10,C10,C10,C10,C10,C10,C10,C10,C10
7M9147-701,C029,C10,C10,C10,C10,C10,C10,C10,C10,C10,C10,C10,C10,C10,C10,C10,C10,C10,C10,C10,C10,C10,C10,C10,C10
7M9140-701,C029,C10,C10,C10,C10,C10,C10,C10,C10,C10,C10,C10,C10,C10,C10,C10,C10,C10,C10,C10,C10,C10,C10,C10,C10
7V1537-701,C029,C10,C10,C10,C10,C10,C10,C10,C10,C10,C10,C10,C10,C10,C10,C10,C10,C10,C10,C10,C10,C10,C10,C10,C10
7V1530-701,C029,C10,C10,C10,C10,C10,C10,C10,C10,C10,C10,C10,C10,C10,C10,C10,C10,C10,C10,C10,C10,C10,C10,C10,C10
7V1534-701,C029,C10,C10,C10,C10,C10,C10,C10,C10,C10,C10,C10,C10,C10,C10,C10,C10,C10,C10,C10,C10,C10,C10,C10,C10
7V1547-701,C029,C10,C10,C10,C10,C10,C10,C10,C10,C10,C10,C10,C10,C10,C10,C10,C10,C10,C10,C10,C10,C10,C10,C10,C10
7V1540-701,C029,C10,C10,C10,C10,C10,C10,C10,C10,C10,C10,C10,C10,C10,C10,C10,C10,C10,C10,C10,C10,C10,C10,C10,C10
7V1544-701,C029,C10,C10,C10,C10,C10,C10,C10,C10,C10,C10,C10,C10,C10,C10,C10,C10,C10,C10,C10,C10,C10,C10,C10,C10
7V1557-701,C029,C10,C10,C10,C10,C10,C10,C10,C10,C10,C10,C10,C10,C10,C10,C10,C10,C10,C10,C10,C10,C10,C10,C10,C10
7V1550-701,C029,C10,C10,C10,C10,C10,C10,C10,C10,C10,C10,C10,C10,C10,C10,C10,C10,C10,C10,C10,C10,C10,C10,C10,C10
7V1554-701,C029,C10,C10,C10,C10,C10,C10,C10,C10,C10,C10,C10,C10,C10,C10,C10,C10,C10,C10,C10,C10,C10,C10,C10,C10
730428-067,C007,C10,C10,C10,C10,C10,C10,C10,C10,C10,C10,C10,C10,C10,C10,C10,C10,C10,C10,C10,C10,C10,C10,C10,C10
A0136,C033,C10,C10,C10,C10,C10,C10,C10,C10,C10,C10,C10,C10,C10,C10,C10,C10,C10,C10,C10,C10,C10,C10,C10,C10
7V2497-701,C033,C10,C10,C10,C10,C10,C10,C10,C10,C10,C10,C10,C10,C10,C10,C10,C10,C10,C10,C10,C10,C10,C10,C10,C10
7V2490-701,C033,C10,C10,C10,C10,C10,C10,C10,C10,C10,C10,C10,C10,C10,C10,C10,C10,C10,C10,C10,C10,C10,C10,C10,C10
7V2494-701,C033,C10,C10,C10,C10,C10,C10,C10,C10,C10,C10,C10,C10,C10,C10,C10,C10,C10,C10,C10,C10,C10,C10,C10,C10
7V2517-701,C033,C10,C10,C10,C10,C10,C10,C10,C10,C10,C10,C10,C10,C10,C10,C10,C10,C10,C10,C10,C10,C10,C10,C10,C10
7V2510-701,C033,C10,C10,C10,C10,C10,C10,C10,C10,C10,C10,C10,C10,C10,C10,C10,C10,C10,C10,C10,C10,C10,C10,C10,C10
7V2514-701,C033,C10,C10,C10,C10,C10,C10,C10,C10,C10,C10,C10,C10,C10,C10,C10,C10,C10,C10,C10,C10,C10,C10,C10,C10
7V2507-701,C033,C10,C10,C10,C10,C10,C10,C10,C10,C10,C10,C10,C10,C10,C10,C10,C10,C10,C10,C10,C10,C10,C10,C10,C10
7V2500-701,C033,C10,C10,C10,C10,C10,C10,C10,C10,C10,C10,C10,C10,C10,C10,C10,C10,C10,C10,C10,C10,C10,C10,C10,C10
7V2504-701,C033,C10,C10,C10,C10,C10,C10,C10,C10,C10,C10,C10,C10,C10,C10,C10,C10,C10,C10,C10,C10,C10,C10,C10,C10
7M5297-701,C033,C10,C10,C10,C10,C10,C10,C10,C10,C10,C10,C10,C10,C10,C10,C10,C10,C10,C10,C10,C10,C10,C10,C10,C10
7M5290-701,C033,C10,C10,C10,C10,C10,C10,C10,C10,C10,C10,C10,C10,C10,C10,C10,C10,C10,C10,C10,C10,C10,C10,C10,C10
7M5294-701,C033,C10,C10,C10,C10,C10,C10,C10,C10,C10,C10,C10,C10,C10,C10,C10,C10,C10,C10,C10,C10,C10,C10,C10,C10
7M5317-701,C033,C10,C10,C10,C10,C10,C10,C10,C10,C10,C10,C10,C10,C10,C10,C10,C10,C10,C10,C10,C10,C10,C10,C10,C10
7M5310-701,C033,C10,C10,C10,C10,C10,C10,C10,C10,C10,C10,C10,C10,C10,C10,C10,C10,C10,C10,C10,C10,C10,C10,C10,C10
7M5314-701,C033,C10,C10,C10,C10,C10,C10,C10,C10,C10,C10,C10,C10,C10,C10,C10,C10,C10,C10,C10,C10,C10,C10,C10,C10
7M5307-701,C033,C10,C10,C10,C10,C10,C10,C10,C10,C10,C10,C10,C10,C10,C10,C10,C10,C10,C10,C10,C10,C10,C10,C10,C10
7M5300-701,C033,C10,C10,C10,C10,C10,C10,C10,C10,C10,C10,C10,C10,C10,C10,C10,C10,C10,C10,C10,C10,C10,C10,C10,C10
7M5304-701,C033,C10,C10,C10,C10,C10,C10,C10,C10,C10,C10,C10,C10,C10,C10,C10,C10,C10,C10,C10,C10,C10,C10,C10,C10
7V1497-701,C033,C10,C10,C10,C10,C10,C10,C10,C10,C10,C10,C10,C10,C10,C10,C10,C10,C10,C10,C10,C10,C10,C10,C10,C10
7V1490-701,C033,C10,C10,C10,C10,C10,C10,C10,C10,C10,C10,C10,C10,C10,C10,C10,C10,C10,C10,C10,C10,C10,C10,C10,C10
7V1494-701,C033,C10,C10,C10,C10,C10,C10,C10,C10,C10,C10,C10,C10,C10,C10,C10,C10,C10,C10,C10,C10,C10,C10,C10,C10
7V1517-701,C033,C10,C10,C10,C10,C10,C10,C10,C10,C10,C10,C10,C10,C10,C10,C10,C10,C10,C10,C10,C10,C10,C10,C10,C10
7V1510-701,C033,C10,C10,C10,C10,C10,C10,C10,C10,C10,C10,C10,C10,C10,C10,C10,C10,C10,C10,C10,C10,C10,C10,C10,C10
7V1514-701,C033,C10,C10,C10,C10,C10,C10,C10,C10,C10,C10,C10,C10,C10,C10,C10,C10,C10,C10,C10,C10,C10,C10,C10,C10
7V1507-701,C033,C10,C10,C10,C10,C10,C10,C10,C10,C10,C10,C10,C10,C10,C10,C10,C10,C10,C10,C10,C10,C10,C10,C10,C10
7V1500-701,C033,C10,C10,C10,C10,C10,C10,C10,C10,C10,C10,C10,C10,C10,C10,C10,C10,C10,C10,C10,C10,C10,C10,C10,C10
7V1504-701,C033,C10,C10,C10,C10,C10,C10,C10,C10,C10,C10,C10,C10,C10,C10,C10,C10,C10,C10,C10,C10,C10,C10,C10,C10
7V2527-701,C033,C10,C10,C10,C10,C10,C10,C10,C10,C10,C10,C10,C10,C10,C10,C10,C10,C10,C10,C10,C10,C10,C10,C10,C10
7V2520-701,C033,C10,C10,C10,C10,C10,C10,C10,C10,C10,C10,C10,C10,C10,C10,C10,C10,C10,C10,C10,C10,C10,C10,C10,C10
7V2524-701,C033,C10,C10,C10,C10,C10,C10,C10,C10,C10,C10,C10,C10,C10,C10,C10,C10,C10,C10,C10,C10,C10,C10,C10,C10
7V2537-701,C033,C10,C10,C10,C10,C10,C10,C10,C10,C10,C10,C10,C10,C10,C10,C10,C10,C10,C10,C10,C10,C10,C10,C10,C10
7V2550-701,C033,C10,C10,C10,C10,C10,C10,C10,C10,C10,C10,C10,C10,C10,C10,C10,C10,C10,C10,C10,C10,C10,C10,C10,C10
7V2554-701,C033,C10,C10,C10,C10,C10,C10,C10,C10,C10,C10,C10,C10,C10,C10,C10,C10,C10,C10,C10,C10,C10,C10,C10,C10
7V2557-701,C033,C10,C10,C10,C10,C10,C10,C10,C10,C10,C10,C10,C10,C10,C10,C10,C10,C10,C10,C10,C10,C10,C10,C10,C10
7V2530-701,C033,C10,C10,C10,C10,C10,C10,C10,C10,C10,C10,C10,C10,C10,C10,C10,C10,C10,C10,C10,C10,C10,C10,C10,C10
7V2534-701,C033,C10,C10,C10,C10,C10,C10,C10,C10,C10,C10,C10,C10,C10,C10,C10,C10,C10,C10,C10,C10,C10,C10,C10,C10
7V2547-701,C033,C10,C10,C10,C10,C10,C10,C10,C10,C10,C10,C10,C10,C10,C10,C10,C10,C10,C10,C10,C10,C10,C10,C10,C10
7V2540-701,C033,C10,C10,C10,C10,C10,C10,C10,C10,C10,C10,C10,C10,C10,C10,C10,C10,C10,C10,C10,C10,C10,C10,C10,C10
7V2544-701,C033,C10,C10,C10,C10,C10,C10,C10,C10,C10,C10,C10,C10,C10,C10,C10,C10,C10,C10,C10,C10,C10,C10,C10,C10
7M5324-701,C033,C10,C10,C10,C10,C10,C10,C10,C10,C10,C10,C10,C10,C10,C10,C10,C10,C10,C10,C10,C10,C10,C10,C10,C10
7M5327-701,C033,C10,C10,C10,C10,C10,C10,C10,C10,C10,C10,C10,C10,C10,C10,C10,C10,C10,C10,C10,C10,C10,C10,C10,C10
7M5320-701,C033,C10,C10,C10,C10,C10,C10,C10,C10,C10,C10,C10,C10,C10,C10,C10,C10,C10,C10,C10,C10,C10,C10,C10,C10
7M9144-701,C033,C10,C10,C10,C10,C10,C10,C10,C10,C10,C10,C10,C10,C10,C10,C10,C10,C10,C10,C10,C10,C10,C10,C10,C10
7M9147-701,C033,C10,C10,C10,C10,C10,C10,C10,C10,C10,C10,C10,C10,C10,C10,C10,C10,C10,C10,C10,C10,C10,C10,C10,C10
7M9140-701,C033,C10,C10,C10,C10,C10,C10,C10,C10,C10,C10,C10,C10,C10,C10,C10,C10,C10,C10,C10,C10,C10,C10,C10,C10
7V1537-701,C033,C10,C10,C10,C10,C10,C10,C10,C10,C10,C10,C10,C10,C10,C10,C10,C10,C10,C10,C10,C10,C10,C10,C10,C10
7V1530-701,C033,C10,C10,C10,C10,C10,C10,C10,C10,C10,C10,C10,C10,C10,C10,C10,C10,C10,C10,C10,C10,C10,C10,C10,C10
7V1534-701,C033,C10,C10,C10,C10,C10,C10,C10,C10,C10,C10,C10,C10,C10,C10,C10,C10,C10,C10,C10,C10,C10,C10,C10,C10
7V1547-701,C033,C10,C10,C10,C10,C10,C10,C10,C10,C10,C10,C10,C10,C10,C10,C10,C10,C10,C10,C10,C10,C10,C10,C10,C10
7V1540-701,C033,C10,C10,C10,C10,C10,C10,C10,C10,C10,C10,C10,C10,C10,C10,C10,C10,C10,C10,C10,C10,C10,C10,C10,C10
7V1544-701,C033,C10,C10,C10,C10,C10,C10,C10,C10,C10,C10,C10,C10,C10,C10,C10,C10,C10,C10,C10,C10,C10,C10,C10,C10
7V1557-701,C033,C10,C10,C10,C10,C10,C10,C10,C10,C10,C10,C10,C10,C10,C10,C10,C10,C10,C10,C10,C10,C10,C10,C10,C10
7V1550-701,C033,C10,C10,C10,C10,C10,C10,C10,C10,C10,C10,C10,C10,C10,C10,C10,C10,C10,C10,C10,C10,C10,C10,C10,C10
7V1554-701,C033,C10,C10,C10,C10,C10,C10,C10,C10,C10,C10,C10,C10,C10,C10,C10,C10,C10,C10,C10,C10,C10,C10,C10,C10
A1630-201B,U014,C30A,C30A,C30A,C30A,C30A,C30A,C30A,C30A,C30A,C30A,C30A,C30A,C30A,C30A,C30A,C30A,C30A,C30A,C30A,C30A,C30A,C30A,C30A,C30A
A1531-201B,U014,C30A,C30A,C30A,C30A,C30A,C30A,C30A,C30A,C30A,C30A,C30A,C30A,C30A,C30A,C30A,C30A,C30A,C30A,C30A,C30A,C30A,C30A,C30A,C30A
A1518-201B,U014,C30A,C30A,C30A,C30A,C30A,C30A,C30A,C30A,C30A,C30A,C30A,C30A,C30A,C30A,C30A,C30A,C30A,C30A,C30A,C30A,C30A,C30A,C30A,C30A
A1393-138B,C029,C30B,C30B,C30B,C30B,C30B,C30B,C30B,C30B,C30B,C30B,C30B,C30B,C30B,C30B,C30B,C30B,C30B,C30B,C30B,C30B,C30B,C30B,C30B,C30B
A1393-201B,C029,C30B,C30B,C30B,C30B,C30B,C30B,C30B,C30B,C30B,C30B,C30B,C30B,C30B,C30B,C30B,C30B,C30B,C30B,C30B,C30B,C30B,C30B,C30B,C30B
A1393-457B,C029,C30B,C30B,C30B,C30B,C30B,C30B,C30B,C30B,C30B,C30B,C30B,C30B,C30B,C30B,C30B,C30B,C30B,C30B,C30B,C30B,C30B,C30B,C30B,C30B
7M9090-701,C029,C30B,C30B,C30B,C30B,C30B,C30B,C30B,C30B,C30B,C30B,C30B,C30B,C30B,C30B,C30B,C30B,C30B,C30B,C30B,C30B,C30B,C30B,C30B,C30B
7M9094-701,C029,C30B,C30B,C30B,C30B,C30B,C30B,C30B,C30B,C30B,C30B,C30B,C30B,C30B,C30B,C30B,C30B,C30B,C30B,C30B,C30B,C30B,C30B,C30B,C30B
7M9097-701,C029,C30B,C30B,C30B,C30B,C30B,C30B,C30B,C30B,C30B,C30B,C30B,C30B,C30B,C30B,C30B,C30B,C30B,C30B,C30B,C30B,C30B,C30B,C30B,C30B
7M5077-701,C029,C30B,C30B,C30B,C30B,C30B,C30B,C30B,C30B,C30B,C30B,C30B,C30B,C30B,C30B,C30B,C30B,C30B,C30B,C30B,C30B,C30B,C30B,C30B,C30B
7M5074-701,C029,C30B,C30B,C30B,C30B,C30B,C30B,C30B,C30B,C30B,C30B,C30B,C30B,C30B,C30B,C30B,C30B,C30B,C30B,C30B,C30B,C30B,C30B,C30B,C30B
7V1147-701,C029,C30B,C30B,C30B,C30B,C30B,C30B,C30B,C30B,C30B,C30B,C30B,C30B,C30B,C30B,C30B,C30B,C30B,C30B,C30B,C30B,C30B,C30B,C30B,C30B
7V1140-701,C029,C30B,C30B,C30B,C30B,C30B,C30B,C30B,C30B,C30B,C30B,C30B,C30B,C30B,C30B,C30B,C30B,C30B,C30B,C30B,C30B,C30B,C30B,C30B,C30B
7V1144-701,C029,C30B,C30B,C30B,C30B,C30B,C30B,C30B,C30B,C30B,C30B,C30B,C30B,C30B,C30B,C30B,C30B,C30B,C30B,C30B,C30B,C30B,C30B,C30B,C30B
7V1157-701,C029,C30B,C30B,C30B,C30B,C30B,C30B,C30B,C30B,C30B,C30B,C30B,C30B,C30B,C30B,C30B,C30B,C30B,C30B,C30B,C30B,C30B,C30B,C30B,C30B
7V1150-701,C029,C30B,C30B,C30B,C30B,C30B,C30B,C30B,C30B,C30B,C30B,C30B,C30B,C30B,C30B,C30B,C30B,C30B,C30B,C30B,C30B,C30B,C30B,C30B,C30B
7V1154-701,C029,C30B,C30B,C30B,C30B,C30B,C30B,C30B,C30B,C30B,C30B,C30B,C30B,C30B,C30B,C30B,C30B,C30B,C30B,C30B,C30B,C30B,C30B,C30B,C30B
7M9000-701,U044,C30B,C30B,C30B,C30B,C30B,C30B,C30B,C30B,C30B,C30B,C30B,C30B,C30B,C30B,C30B,C30B,C30B,C30B,C30B,C30B,C30B,C30B,C30B,C30B
7M9004-701,U044,C30B,C30B,C30B,C30B,C30B,C30B,C30B,C30B,C30B,C30B,C30B,C30B,C30B,C30B,C30B,C30B,C30B,C30B,C30B,C30B,C30B,C30B,C30B,C30B
7M9007-701,U044,C30B,C30B,C30B,C30B,C30B,C30B,C30B,C30B,C30B,C30B,C30B,C30B,C30B,C30B,C30B,C30B,C30B,C30B,C30B,C30B,C30B,C30B,C30B,C30B
7V1107-701,U044,C30B,C30B,C30B,C30B,C30B,C30B,C30B,C30B,C30B,C30B,C30B,C30B,C30B,C30B,C30B,C30B,C30B,C30B,C30B,C30B,C30B,C30B,C30B,C30B
7V1100-701,U044,C30B,C30B,C30B,C30B,C30B,C30B,C30B,C30B,C30B,C30B,C30B,C30B,C30B,C30B,C30B,C30B,C30B,C30B,C30B,C30B,C30B,C30B,C30B,C30B
7V1104-701,U044,C30B,C30B,C30B,C30B,C30B,C30B,C30B,C30B,C30B,C30B,C30B,C30B,C30B,C30B,C30B,C30B,C30B,C30B,C30B,C30B,C30B,C30B,C30B,C30B
7M5057-701,U044,C30B,C30B,C30B,C30B,C30B,C30B,C30B,C30B,C30B,C30B,C30B,C30B,C30B,C30B,C30B,C30B,C30B,C30B,C30B,C30B,C30B,C30B,C30B,C30B
7M5050-701,U044,C30B,C30B,C30B,C30B,C30B,C30B,C30B,C30B,C30B,C30B,C30B,C30B,C30B,C30B,C30B,C30B,C30B,C30B,C30B,C30B,C30B,C30B,C30B,C30B
7M5054-701,U044,C30B,C30B,C30B,C30B,C30B,C30B,C30B,C30B,C30B,C30B,C30B,C30B,C30B,C30B,C30B,C30B,C30B,C30B,C30B,C30B,C30B,C30B,C30B,C30B
7M5067-701,U044,C30B,C30B,C30B,C30B,C30B,C30B,C30B,C30B,C30B,C30B,C30B,C30B,C30B,C30B,C30B,C30B,C30B,C30B,C30B,C30B,C30B,C30B,C30B,C30B
7M5060-701,U044,C30B,C30B,C30B,C30B,C30B,C30B,C30B,C30B,C30B,C30B,C30B,C30B,C30B,C30B,C30B,C30B,C30B,C30B,C30B,C30B,C30B,C30B,C30B,C30B
7M5064-701,U044,C30B,C30B,C30B,C30B,C30B,C30B,C30B,C30B,C30B,C30B,C30B,C30B,C30B,C30B,C30B,C30B,C30B,C30B,C30B,C30B,C30B,C30B,C30B,C30B
7V2190-7010,C029,C30B,C30B,C30B,C30B,C30B,C30B,C30B,C30B,C30B,C30B,C30B,C30B,C30B,C30B,C30B,C30B,C30B,C30B,C30B,C30B,C30B,C30B,C30B,C30B
7V2194-7010,C029,C30B,C30B,C30B,C30B,C30B,C30B,C30B,C30B,C30B,C30B,C30B,C30B,C30B,C30B,C30B,C30B,C30B,C30B,C30B,C30B,C30B,C30B,C30B,C30B
7V2197-7010,C029,C30B,C30B,C30B,C30B,C30B,C30B,C30B,C30B,C30B,C30B,C30B,C30B,C30B,C30B,C30B,C30B,C30B,C30B,C30B,C30B,C30B,C30B,C30B,C30B
7M5100-710,C017,C30B,C30B,C30B,C30B,C30B,C30B,C30B,C30B,C30B,C30B,C30B,C30B,C30B,C30B,C30B,C30B,C30B,C30B,C30B,C30B,C30B,C30B,C30B,C30B
7M5104-710,C017,C30B,C30B,C30B,C30B,C30B,C30B,C30B,C30B,C30B,C30B,C30B,C30B,C30B,C30B,C30B,C30B,C30B,C30B,C30B,C30B,C30B,C30B,C30B,C30B
A1628-201B,U014,CF1,CF1,CF1,CF1,CF1,CF1,CF1,CF1,CF1,CF1,CF1,CF1,CF1,CF1,CF1,CF1,CF1,CF1,CF1,CF1,CF1,CF1,CF1,CF1
A1629-201B,U014,CF1,CF1,CF1,CF1,CF1,CF1,CF1,CF1,CF1,CF1,CF1,CF1,CF1,CF1,CF1,CF1,CF1,CF1,CF1,CF1,CF1,CF1,CF1,CF1
7M9070-701,C007,CF1,CF1,CF1,CF1,CF1,CF1,CF1,CF1,CF1,CF1,CF1,CF1,CF1,CF1,CF1,CF1,CF1,CF1,CF1,CF1,CF1,CF1,CF1,CF1
7M9078-701,C007,CF1,CF1,CF1,CF1,CF1,CF1,CF1,CF1,CF1,CF1,CF1,CF1,CF1,CF1,CF1,CF1,CF1,CF1,CF1,CF1,CF1,CF1,CF1,CF1
7M9080-701,C007,CF1,CF1,CF1,CF1,CF1,CF1,CF1,CF1,CF1,CF1,CF1,CF1,CF1,CF1,CF1,CF1,CF1,CF1,CF1,CF1,CF1,CF1,CF1,CF1
7M9088-701,C007,CF1,CF1,CF1,CF1,CF1,CF1,CF1,CF1,CF1,CF1,CF1,CF1,CF1,CF1,CF1,CF1,CF1,CF1,CF1,CF1,CF1,CF1,CF1,CF1
7M9220-701,C007,CF1,CF1,CF1,CF1,CF1,CF1,CF1,CF1,CF1,CF1,CF1,CF1,CF1,CF1,CF1,CF1,CF1,CF1,CF1,CF1,CF1,CF1,CF1,CF1
7M9228-701,C007,CF1,CF1,CF1,CF1,CF1,CF1,CF1,CF1,CF1,CF1,CF1,CF1,CF1,CF1,CF1,CF1,CF1,CF1,CF1,CF1,CF1,CF1,CF1,CF1
7M9230-701,C007,CF1,CF1,CF1,CF1,CF1,CF1,CF1,CF1,CF1,CF1,CF1,CF1,CF1,CF1,CF1,CF1,CF1,CF1,CF1,CF1,CF1,CF1,CF1,CF1
7M9238-701,C007,CF1,CF1,CF1,CF1,CF1,CF1,CF1,CF1,CF1,CF1,CF1,CF1,CF1,CF1,CF1,CF1,CF1,CF1,CF1,CF1,CF1,CF1,CF1,CF1
7M9240-701,C007,CF1,CF1,CF1,CF1,CF1,CF1,CF1,CF1,CF1,CF1,CF1,CF1,CF1,CF1,CF1,CF1,CF1,CF1,CF1,CF1,CF1,CF1,CF1,CF1
7M9248-701,C007,CF1,CF1,CF1,CF1,CF1,CF1,CF1,CF1,CF1,CF1,CF1,CF1,CF1,CF1,CF1,CF1,CF1,CF1,CF1,CF1,CF1,CF1,CF1,CF1
7M9250-701,C007,CF1,CF1,CF1,CF1,CF1,CF1,CF1,CF1,CF1,CF1,CF1,CF1,CF1,CF1,CF1,CF1,CF1,CF1,CF1,CF1,CF1,CF1,CF1,CF1
7M9258-701,C007,CF1,CF1,CF1,CF1,CF1,CF1,CF1,CF1,CF1,CF1,CF1,CF1,CF1,CF1,CF1,CF1,CF1,CF1,CF1,CF1,CF1,CF1,CF1,CF1
7M9050-701,C007,CF1,CF1,CF1,CF1,CF1,CF1,CF1,CF1,CF1,CF1,CF1,CF1,CF1,CF1,CF1,CF1,CF1,CF1,CF1,CF1,CF1,CF1,CF1,CF1
7M9060-701,C007,CF1,CF1,CF1,CF1,CF1,CF1,CF1,CF1,CF1,CF1,CF1,CF1,CF1,CF1,CF1,CF1,CF1,CF1,CF1,CF1,CF1,CF1,CF1,CF1
7M9030-701,C007,CF1,CF1,CF1,CF1,CF1,CF1,CF1,CF1,CF1,CF1,CF1,CF1,CF1,CF1,CF1,CF1,CF1,CF1,CF1,CF1,CF1,CF1,CF1,CF1
7M9040-701,C007,CF1,CF1,CF1,CF1,CF1,CF1,CF1,CF1,CF1,CF1,CF1,CF1,CF1,CF1,CF1,CF1,CF1,CF1,CF1,CF1,CF1,CF1,CF1,CF1
7M9200-701,C007,CF1,CF1,CF1,CF1,CF1,CF1,CF1,CF1,CF1,CF1,CF1,CF1,CF1,CF1,CF1,CF1,CF1,CF1,CF1,CF1,CF1,CF1,CF1,CF1
7M9210-701,C007,CF1,CF1,CF1,CF1,CF1,CF1,CF1,CF1,CF1,CF1,CF1,CF1,CF1,CF1,CF1,CF1,CF1,CF1,CF1,CF1,CF1,CF1,CF1,CF1
7M5350-701,C017,CF1,CF1,CF1,CF1,CF1,CF1,CF1,CF1,CF1,CF1,CF1,CF1,CF1,CF1,CF1,CF1,CF1,CF1,CF1,CF1,CF1,CF1,CF1,CF1
7M5354-701,C017,CF1,CF1,CF1,CF1,CF1,CF1,CF1,CF1,CF1,CF1,CF1,CF1,CF1,CF1,CF1,CF1,CF1,CF1,CF1,CF1,CF1,CF1,CF1,CF1
7M9170-701,C017,CF1,CF1,CF1,CF1,CF1,CF1,CF1,CF1,CF1,CF1,CF1,CF1,CF1,CF1,CF1,CF1,CF1,CF1,CF1,CF1,CF1,CF1,CF1,CF1
7M9280-701,C017,CF1,CF1,CF1,CF1,CF1,CF1,CF1,CF1,CF1,CF1,CF1,CF1,CF1,CF1,CF1,CF1,CF1,CF1,CF1,CF1,CF1,CF1,CF1,CF1
7M5420-701,C017,CF1,CF1,CF1,CF1,CF1,CF1,CF1,CF1,CF1,CF1,CF1,CF1,CF1,CF1,CF1,CF1,CF1,CF1,CF1,CF1,CF1,CF1,CF1,CF1
7M5424-701,C017,CF1,CF1,CF1,CF1,CF1,CF1,CF1,CF1,CF1,CF1,CF1,CF1,CF1,CF1,CF1,CF1,CF1,CF1,CF1,CF1,CF1,CF1,CF1,CF1
7V2200-701,C043,CF2,CF2,CF2,CF2,CF2,CF2,CF2,CF2,CF2,CF2,CF2,CF2,CF2,CF2,CF2,CF2,CF2,CF2,CF2,CF2,CF2,CF2,CF2,CF2
7V1070-701-C0,C043,CF2,CF2,CF2,CF2,CF2,CF2,CF2,CF2,CF2,CF2,CF2,CF2,CF2,CF2,CF2,CF2,CF2,CF2,CF2,CF2,CF2,CF2,CF2,CF2
7V2080-701-C0,C043,CF2,CF2,CF2,CF2,CF2,CF2,CF2,CF2,CF2,CF2,CF2,CF2,CF2,CF2,CF2,CF2,CF2,CF2,CF2,CF2,CF2,CF2,CF2,CF2
7M9120-701,U006,CF3,CF3,CF3,CF3,CF3,CF3,CF3,CF3,CF3,CF3,CF3,CF3,CF3,CF3,CF3,CF3,CF3,CF3,CF3,CF3,CF3,CF3,CF3,CF3
7M9120-701,C007,CF3,CF3,CF3,CF3,CF3,CF3,CF3,CF3,CF3,CF3,CF3,CF3,CF3,CF3,CF3,CF3,CF3,CF3,CF3,CF3,CF3,CF3,CF3,CF3
7M9110-701,U006,CF3,CF3,CF3,CF3,CF3,CF3,CF3,CF3,CF3,CF3,CF3,CF3,CF3,CF3,CF3,CF3,CF3,CF3,CF3,CF3,CF3,CF3,CF3,CF3
7M9110-701,C007,CF3,CF3,CF3,CF3,CF3,CF3,CF3,CF3,CF3,CF3,CF3,CF3,CF3,CF3,CF3,CF3,CF3,CF3,CF3,CF3,CF3,CF3,CF3,CF3
7V1420-701,U006,B10,B10,B10,B10,B10,B10,B10,B10,B10,B10,B10,B10,B10,B10,B10,B10,B10,B10,B10,B10,B10,B10,B10,B10
7V1420-701,C007,B10,B10,B10,B10,B10,B10,B10,B10,B10,B10,B10,B10,B10,B10,B10,B10,B10,B10,B10,B10,B10,B10,B10,B10
7V1470-701,U006,B10,B10,B10,B10,B10,B10,B10,B10,B10,B10,B10,B10,B10,B10,B10,B10,B10,B10,B10,B10,B10,B10,B10,B10
7V1470-701,C007,B10,B10,B10,B10,B10,B10,B10,B10,B10,B10,B10,B10,B10,B10,B10,B10,B10,B10,B10,B10,B10,B10,B10,B10
7V1660-701-C0,C033,CF4,CF4,CF4,CF4,CF4,CF4,CF4,CF4,CF4,CF4,CF4,CF4,CF4,CF4,CF4,CF4,CF4,CF4,CF4,CF4,CF4,CF4,CF4,CF4
7V1660-701-C0,U013,CF4,CF4,CF4,CF4,CF4,CF4,CF4,CF4,CF4,CF4,CF4,CF4,CF4,CF4,CF4,CF4,CF4,CF4,CF4,CF4,CF4,CF4,CF4,CF4
7V1410-701-C0,U013,CF4,CF4,CF4,CF4,CF4,CF4,CF4,CF4,CF4,CF4,CF4,CF4,CF4,CF4,CF4,CF4,CF4,CF4,CF4,CF4,CF4,CF4,CF4,CF4
7V1410-701-C0,C043,CF4,CF4,CF4,CF4,CF4,CF4,CF4,CF4,CF4,CF4,CF4,CF4,CF4,CF4,CF4,CF4,CF4,CF4,CF4,CF4,CF4,CF4,CF4,CF4
7V1860-701,C043,CF4,CF4,CF4,CF4,CF4,CF4,CF4,CF4,CF4,CF4,CF4,CF4,CF4,CF4,CF4,CF4,CF4,CF4,CF4,CF4,CF4,CF4,CF4,CF4
7V1860-701,U013,CF4,CF4,CF4,CF4,CF4,CF4,CF4,CF4,CF4,CF4,CF4,CF4,CF4,CF4,CF4,CF4,CF4,CF4,CF4,CF4,CF4,CF4,CF4,CF4
7V2440-701-C0,U091,CF5,CF5,CF5,CF5,CF5,CF5,CF5,CF5,CF5,CF5,CF5,CF5,CF5,CF5,CF5,CF5,CF5,CF5,CF5,CF5,CF5,CF5,CF5,CF5
7V1440-701-C0,U091,CF5,CF5,CF5,CF5,CF5,CF5,CF5,CF5,CF5,CF5,CF5,CF5,CF5,CF5,CF5,CF5,CF5,CF5,CF5,CF5,CF5,CF5,CF5,CF5
7V1660-701-C0,C043,CF5,CF5,CF5,CF5,CF5,CF5,CF5,CF5,CF5,CF5,CF5,CF5,CF5,CF5,CF5,CF5,CF5,CF5,CF5,CF5,CF5,CF5,CF5,CF5
7V2390-701-C0,U013,CF5,CF5,CF5,CF5,CF5,CF5,CF5,CF5,CF5,CF5,CF5,CF5,CF5,CF5,CF5,CF5,CF5,CF5,CF5,CF5,CF5,CF5,CF5,CF5
7V2390-701-C0,C043,CF5,CF5,CF5,CF5,CF5,CF5,CF5,CF5,CF5,CF5,CF5,CF5,CF5,CF5,CF5,CF5,CF5,CF5,CF5,CF5,CF5,CF5,CF5,CF5
7V1480-701,C029,CF6,CF6,CF6,CF6,CF6,CF6,CF6,CF6,CF6,CF6,CF6,CF6,CF6,CF6,CF6,CF6,CF6,CF6,CF6,CF6,CF6,CF6,CF6,CF6
7V1484-701,C029,CF6,CF6,CF6,CF6,CF6,CF6,CF6,CF6,CF6,CF6,CF6,CF6,CF6,CF6,CF6,CF6,CF6,CF6,CF6,CF6,CF6,CF6,CF6,CF6
7V1487-701,C029,CF6,CF6,CF6,CF6,CF6,CF6,CF6,CF6,CF6,CF6,CF6,CF6,CF6,CF6,CF6,CF6,CF6,CF6,CF6,CF6,CF6,CF6,CF6,CF6
7V1570-701,C029,CF6,CF6,CF6,CF6,CF6,CF6,CF6,CF6,CF6,CF6,CF6,CF6,CF6,CF6,CF6,CF6,CF6,CF6,CF6,CF6,CF6,CF6,CF6,CF6
7V1577-701,C029,CF6,CF6,CF6,CF6,CF6,CF6,CF6,CF6,CF6,CF6,CF6,CF6,CF6,CF6,CF6,CF6,CF6,CF6,CF6,CF6,CF6,CF6,CF6,CF6
7V1580-701,C029,CF6,CF6,CF6,CF6,CF6,CF6,CF6,CF6,CF6,CF6,CF6,CF6,CF6,CF6,CF6,CF6,CF6,CF6,CF6,CF6,CF6,CF6,CF6,CF6
7V1584-701,C029,CF6,CF6,CF6,CF6,CF6,CF6,CF6,CF6,CF6,CF6,CF6,CF6,CF6,CF6,CF6,CF6,CF6,CF6,CF6,CF6,CF6,CF6,CF6,CF6
7V1587-701,C029,CF6,CF6,CF6,CF6,CF6,CF6,CF6,CF6,CF6,CF6,CF6,CF6,CF6,CF6,CF6,CF6,CF6,CF6,CF6,CF6,CF6,CF6,CF6,CF6
7V2570-701,C029,CF6,CF6,CF6,CF6,CF6,CF6,CF6,CF6,CF6,CF6,CF6,CF6,CF6,CF6,CF6,CF6,CF6,CF6,CF6,CF6,CF6,CF6,CF6,CF6
7V2574-701,C029,CF6,CF6,CF6,CF6,CF6,CF6,CF6,CF6,CF6,CF6,CF6,CF6,CF6,CF6,CF6,CF6,CF6,CF6,CF6,CF6,CF6,CF6,CF6,CF6
7V2577-701,C029,CF6,CF6,CF6,CF6,CF6,CF6,CF6,CF6,CF6,CF6,CF6,CF6,CF6,CF6,CF6,CF6,CF6,CF6,CF6,CF6,CF6,CF6,CF6,CF6
7V2580-701,C029,CF6,CF6,CF6,CF6,CF6,CF6,CF6,CF6,CF6,CF6,CF6,CF6,CF6,CF6,CF6,CF6,CF6,CF6,CF6,CF6,CF6,CF6,CF6,CF6
7V2584-701,C029,CF6,CF6,CF6,CF6,CF6,CF6,CF6,CF6,CF6,CF6,CF6,CF6,CF6,CF6,CF6,CF6,CF6,CF6,CF6,CF6,CF6,CF6,CF6,CF6
7V2587-701,C029,CF6,CF6,CF6,CF6,CF6,CF6,CF6,CF6,CF6,CF6,CF6,CF6,CF6,CF6,CF6,CF6,CF6,CF6,CF6,CF6,CF6,CF6,CF6,CF6
7V1660-701-C0,C029,CF6,CF6,CF6,CF6,CF6,CF6,CF6,CF6,CF6,CF6,CF6,CF6,CF6,CF6,CF6,CF6,CF6,CF6,CF6,CF6,CF6,CF6,CF6,CF6
7V1664-701,C029,CF6,CF6,CF6,CF6,CF6,CF6,CF6,CF6,CF6,CF6,CF6,CF6,CF6,CF6,CF6,CF6,CF6,CF6,CF6,CF6,CF6,CF6,CF6,CF6
7V1667-701,C029,CF6,CF6,CF6,CF6,CF6,CF6,CF6,CF6,CF6,CF6,CF6,CF6,CF6,CF6,CF6,CF6,CF6,CF6,CF6,CF6,CF6,CF6,CF6,CF6
7V1664-701,C033,CF6,CF6,CF6,CF6,CF6,CF6,CF6,CF6,CF6,CF6,CF6,CF6,CF6,CF6,CF6,CF6,CF6,CF6,CF6,CF6,CF6,CF6,CF6,CF6
7V1667-701,C033,CF6,CF6,CF6,CF6,CF6,CF6,CF6,CF6,CF6,CF6,CF6,CF6,CF6,CF6,CF6,CF6,CF6,CF6,CF6,CF6,CF6,CF6,CF6,CF6
7V1840-701,C029,CF6,CF6,CF6,CF6,CF6,CF6,CF6,CF6,CF6,CF6,CF6,CF6,CF6,CF6,CF6,CF6,CF6,CF6,CF6,CF6,CF6,CF6,CF6,CF6
7V1844-701,C029,CF6,CF6,CF6,CF6,CF6,CF6,CF6,CF6,CF6,CF6,CF6,CF6,CF6,CF6,CF6,CF6,CF6,CF6,CF6,CF6,CF6,CF6,CF6,CF6
7V1847-701,C029,CF6,CF6,CF6,CF6,CF6,CF6,CF6,CF6,CF6,CF6,CF6,CF6,CF6,CF6,CF6,CF6,CF6,CF6,CF6,CF6,CF6,CF6,CF6,CF6
7V1850-701,C029,CF6,CF6,CF6,CF6,CF6,CF6,CF6,CF6,CF6,CF6,CF6,CF6,CF6,CF6,CF6,CF6,CF6,CF6,CF6,CF6,CF6,CF6,CF6,CF6
7V1854-701,C029,CF6,CF6,CF6,CF6,CF6,CF6,CF6,CF6,CF6,CF6,CF6,CF6,CF6,CF6,CF6,CF6,CF6,CF6,CF6,CF6,CF6,CF6,CF6,CF6
7V1857-701,C029,CF6,CF6,CF6,CF6,CF6,CF6,CF6,CF6,CF6,CF6,CF6,CF6,CF6,CF6,CF6,CF6,CF6,CF6,CF6,CF6,CF6,CF6,CF6,CF6
7V2840-701,C029,CF6,CF6,CF6,CF6,CF6,CF6,CF6,CF6,CF6,CF6,CF6,CF6,CF6,CF6,CF6,CF6,CF6,CF6,CF6,CF6,CF6,CF6,CF6,CF6
7V2844-701,C029,CF6,CF6,CF6,CF6,CF6,CF6,CF6,CF6,CF6,CF6,CF6,CF6,CF6,CF6,CF6,CF6,CF6,CF6,CF6,CF6,CF6,CF6,CF6,CF6
7V2847-701,C029,CF6,CF6,CF6,CF6,CF6,CF6,CF6,CF6,CF6,CF6,CF6,CF6,CF6,CF6,CF6,CF6,CF6,CF6,CF6,CF6,CF6,CF6,CF6,CF6
7V1850-701,C033,CF6,CF6,CF6,CF6,CF6,CF6,CF6,CF6,CF6,CF6,CF6,CF6,CF6,CF6,CF6,CF6,CF6,CF6,CF6,CF6,CF6,CF6,CF6,CF6
7V1854-701,C033,CF6,CF6,CF6,CF6,CF6,CF6,CF6,CF6,CF6,CF6,CF6,CF6,CF6,CF6,CF6,CF6,CF6,CF6,CF6,CF6,CF6,CF6,CF6,CF6
7V1857-701,C033,CF6,CF6,CF6,CF6,CF6,CF6,CF6,CF6,CF6,CF6,CF6,CF6,CF6,CF6,CF6,CF6,CF6,CF6,CF6,CF6,CF6,CF6,CF6,CF6
7V2370-701-C0,C043,CF6,CF6,CF6,CF6,CF6,CF6,CF6,CF6,CF6,CF6,CF6,CF6,CF6,CF6,CF6,CF6,CF6,CF6,CF6,CF6,CF6,CF6,CF6,CF6
7V2378-701-E0,C043,CF6,CF6,CF6,CF6,CF6,CF6,CF6,CF6,CF6,CF6,CF6,CF6,CF6,CF6,CF6,CF6,CF6,CF6,CF6,CF6,CF6,CF6,CF6,CF6
7V1370-701-C0,C043,CF6,CF6,CF6,CF6,CF6,CF6,CF6,CF6,CF6,CF6,CF6,CF6,CF6,CF6,CF6,CF6,CF6,CF6,CF6,CF6,CF6,CF6,CF6,CF6
7V1378-701-E0,C043,CF6,CF6,CF6,CF6,CF6,CF6,CF6,CF6,CF6,CF6,CF6,CF6,CF6,CF6,CF6,CF6,CF6,CF6,CF6,CF6,CF6,CF6,CF6,CF6
7V1080-701-C0,C043,CF6,CF6,CF6,CF6,CF6,CF6,CF6,CF6,CF6,CF6,CF6,CF6,CF6,CF6,CF6,CF6,CF6,CF6,CF6,CF6,CF6,CF6,CF6,CF6
7V1084-701-E0,C043,CF6,CF6,CF6,CF6,CF6,CF6,CF6,CF6,CF6,CF6,CF6,CF6,CF6,CF6,CF6,CF6,CF6,CF6,CF6,CF6,CF6,CF6,CF6,CF6
7V1074-701-E0,C043,CF6,CF6,CF6,CF6,CF6,CF6,CF6,CF6,CF6,CF6,CF6,CF6,CF6,CF6,CF6,CF6,CF6,CF6,CF6,CF6,CF6,CF6,CF6,CF6
7V2450-701-C0,U091,CF6,CF6,CF6,CF6,CF6,CF6,CF6,CF6,CF6,CF6,CF6,CF6,CF6,CF6,CF6,CF6,CF6,CF6,CF6,CF6,CF6,CF6,CF6,CF6
7V2070-701-C0,C043,CF6,CF6,CF6,CF6,CF6,CF6,CF6,CF6,CF6,CF6,CF6,CF6,CF6,CF6,CF6,CF6,CF6,CF6,CF6,CF6,CF6,CF6,CF6,CF6
7V2074-701-E0,C043,CF6,CF6,CF6,CF6,CF6,CF6,CF6,CF6,CF6,CF6,CF6,CF6,CF6,CF6,CF6,CF6,CF6,CF6,CF6,CF6,CF6,CF6,CF6,CF6
7V2084-701-E0,C043,CF6,CF6,CF6,CF6,CF6,CF6,CF6,CF6,CF6,CF6,CF6,CF6,CF6,CF6,CF6,CF6,CF6,CF6,CF6,CF6,CF6,CF6,CF6,CF6
7V2590-701,C033,CF6,CF6,CF6,CF6,CF6,CF6,CF6,CF6,CF6,CF6,CF6,CF6,CF6,CF6,CF6,CF6,CF6,CF6,CF6,CF6,CF6,CF6,CF6,CF6
7V2930-701,,CF6,CF6,CF6,CF6,CF6,CF6,CF6,CF6,CF6,CF6,CF6,CF6,CF6,CF6,CF6,CF6,CF6,CF6,CF6,CF6,CF6,CF6,CF6,CF6
7V2400-701-C0,U013,CF7,CF7,CF7,CF7,CF7,CF7,CF7,CF7,CF7,CF7,CF7,CF7,CF7,CF7,CF7,CF7,CF7,CF7,CF7,CF7,CF7,CF7,CF7,CF7
7V2400-701,C029,CF7,CF7,CF7,CF7,CF7,CF7,CF7,CF7,CF7,CF7,CF7,CF7,CF7,CF7,CF7,CF7,CF7,CF7,CF7,CF7,CF7,CF7,CF7,CF7
7V2404-701,C029,CF7,CF7,CF7,CF7,CF7,CF7,CF7,CF7,CF7,CF7,CF7,CF7,CF7,CF7,CF7,CF7,CF7,CF7,CF7,CF7,CF7,CF7,CF7,CF7
7V2407-701,C029,CF7,CF7,CF7,CF7,CF7,CF7,CF7,CF7,CF7,CF7,CF7,CF7,CF7,CF7,CF7,CF7,CF7,CF7,CF7,CF7,CF7,CF7,CF7,CF7
7V2400-701,C033,CF7,CF7,CF7,CF7,CF7,CF7,CF7,CF7,CF7,CF7,CF7,CF7,CF7,CF7,CF7,CF7,CF7,CF7,CF7,CF7,CF7,CF7,CF7,CF7
7V2404-701,C033,CF7,CF7,CF7,CF7,CF7,CF7,CF7,CF7,CF7,CF7,CF7,CF7,CF7,CF7,CF7,CF7,CF7,CF7,CF7,CF7,CF7,CF7,CF7,CF7
7V2407-701,C033,CF7,CF7,CF7,CF7,CF7,CF7,CF7,CF7,CF7,CF7,CF7,CF7,CF7,CF7,CF7,CF7,CF7,CF7,CF7,CF7,CF7,CF7,CF7,CF7
7V2400-701-C0,C043,CF7,CF7,CF7,CF7,CF7,CF7,CF7,CF7,CF7,CF7,CF7,CF7,CF7,CF7,CF7,CF7,CF7,CF7,CF7,CF7,CF7,CF7,CF7,CF7
7V1930-701,,CF7,CF7,CF7,CF7,CF7,CF7,CF7,CF7,CF7,CF7,CF7,CF7,CF7,CF7,CF7,CF7,CF7,CF7,CF7,CF7,CF7,CF7,CF7,CF7
7M9160-701,C033,CF8,CF8,CF8,CF8,CF8,CF8,CF8,CF8,CF8,CF8,CF8,CF8,CF8,CF8,CF8,CF8,CF8,CF8,CF8,CF8,CF8,CF8,CF8,CF8
7V1630-701,C017,CF9,CF9,CF9,CF9,CF9,CF9,CF9,CF9,CF9,CF9,CF9,CF9,CF9,CF9,CF9,CF9,CF9,CF9,CF9,CF9,CF9,CF9,CF9,CF9
7V1634-701,C017,CF9,CF9,CF9,CF9,CF9,CF9,CF9,CF9,CF9,CF9,CF9,CF9,CF9,CF9,CF9,CF9,CF9,CF9,CF9,CF9,CF9,CF9,CF9,CF9
7V1650-701,C017,CF9,CF9,CF9,CF9,CF9,CF9,CF9,CF9,CF9,CF9,CF9,CF9,CF9,CF9,CF9,CF9,CF9,CF9,CF9,CF9,CF9,CF9,CF9,CF9
7V1654-701,C017,CF9,CF9,CF9,CF9,CF9,CF9,CF9,CF9,CF9,CF9,CF9,CF9,CF9,CF9,CF9,CF9,CF9,CF9,CF9,CF9,CF9,CF9,CF9,CF9
7V2630-701,C017,CF9,CF9,CF9,CF9,CF9,CF9,CF9,CF9,CF9,CF9,CF9,CF9,CF9,CF9,CF9,CF9,CF9,CF9,CF9,CF9,CF9,CF9,CF9,CF9
7V2634-701,C017,CF9,CF9,CF9,CF9,CF9,CF9,CF9,CF9,CF9,CF9,CF9,CF9,CF9,CF9,CF9,CF9,CF9,CF9,CF9,CF9,CF9,CF9,CF9,CF9
7V2640-701,C017,CF9,CF9,CF9,CF9,CF9,CF9,CF9,CF9,CF9,CF9,CF9,CF9,CF9,CF9,CF9,CF9,CF9,CF9,CF9,CF9,CF9,CF9,CF9,CF9
7V2644-701,C017,CF9,CF9,CF9,CF9,CF9,CF9,CF9,CF9,CF9,CF9,CF9,CF9,CF9,CF9,CF9,CF9,CF9,CF9,CF9,CF9,CF9,CF9,CF9,CF9
7V1880-701,C017,CF9,CF9,CF9,CF9,CF9,CF9,CF9,CF9,CF9,CF9,CF9,CF9,CF9,CF9,CF9,CF9,CF9,CF9,CF9,CF9,CF9,CF9,CF9,CF9
7V1884-701,C017,CF9,CF9,CF9,CF9,CF9,CF9,CF9,CF9,CF9,CF9,CF9,CF9,CF9,CF9,CF9,CF9,CF9,CF9,CF9,CF9,CF9,CF9,CF9,CF9
7V1910-701,C017,CF9,CF9,CF9,CF9,CF9,CF9,CF9,CF9,CF9,CF9,CF9,CF9,CF9,CF9,CF9,CF9,CF9,CF9,CF9,CF9,CF9,CF9,CF9,CF9
7V1914-701,C017,CF9,CF9,CF9,CF9,CF9,CF9,CF9,CF9,CF9,CF9,CF9,CF9,CF9,CF9,CF9,CF9,CF9,CF9,CF9,CF9,CF9,CF9,CF9,CF9
7V2880-701,C017,CF9,CF9,CF9,CF9,CF9,CF9,CF9,CF9,CF9,CF9,CF9,CF9,CF9,CF9,CF9,CF9,CF9,CF9,CF9,CF9,CF9,CF9,CF9,CF9
7V2884-701,C017,CF9,CF9,CF9,CF9,CF9,CF9,CF9,CF9,CF9,CF9,CF9,CF9,CF9,CF9,CF9,CF9,CF9,CF9,CF9,CF9,CF9,CF9,CF9,CF9
7V2890-701,C017,CF9,CF9,CF9,CF9,CF9,CF9,CF9,CF9,CF9,CF9,CF9,CF9,CF9,CF9,CF9,CF9,CF9,CF9,CF9,CF9,CF9,CF9,CF9,CF9
7V2894-701,C017,CF9,CF9,CF9,CF9,CF9,CF9,CF9,CF9,CF9,CF9,CF9,CF9,CF9,CF9,CF9,CF9,CF9,CF9,CF9,CF9,CF9,CF9,CF9,CF9
A1524-201B,U006,IF1,IF1,IF1,IF1,IF1,IF1,IF1,IF1,IF1,IF1,IF1,IF1,IF1,IF1,IF1,IF1,IF1,IF1,IF1,IF1,IF1,IF1,IF1,IF1
A1533-201B,U006,IF1,IF1,IF1,IF1,IF1,IF1,IF1,IF1,IF1,IF1,IF1,IF1,IF1,IF1,IF1,IF1,IF1,IF1,IF1,IF1,IF1,IF1,IF1,IF1
A4076-138B,U066,MF1,MF1,MF1,MF1,MF1,MF1,MF1,MF1,MF1,MF1,MF1,MF1,MF1,MF1,MF1,MF1,MF1,MF1,MF1,MF1,MF1,MF1,MF1,MF1
A4076-201B,U066,MF1,MF1,MF1,MF1,MF1,MF1,MF1,MF1,MF1,MF1,MF1,MF1,MF1,MF1,MF1,MF1,MF1,MF1,MF1,MF1,MF1,MF1,MF1,MF1
A4076-457B,U066,MF1,MF1,MF1,MF1,MF1,MF1,MF1,MF1,MF1,MF1,MF1,MF1,MF1,MF1,MF1,MF1,MF1,MF1,MF1,MF1,MF1,MF1,MF1,MF1
A1580-201B,U066,MF1,MF1,MF1,MF1,MF1,MF1,MF1,MF1,MF1,MF1,MF1,MF1,MF1,MF1,MF1,MF1,MF1,MF1,MF1,MF1,MF1,MF1,MF1,MF1
A1580-201B,U071,MF1,MF1,MF1,MF1,MF1,MF1,MF1,MF1,MF1,MF1,MF1,MF1,MF1,MF1,MF1,MF1,MF1,MF1,MF1,MF1,MF1,MF1,MF1,MF1
7V2560-701,U066,MF1,MF1,MF1,MF1,MF1,MF1,MF1,MF1,MF1,MF1,MF1,MF1,MF1,MF1,MF1,MF1,MF1,MF1,MF1,MF1,MF1,MF1,MF1,MF1
7V2670-701,U049,MF1,MF1,MF1,MF1,MF1,MF1,MF1,MF1,MF1,MF1,MF1,MF1,MF1,MF1,MF1,MF1,MF1,MF1,MF1,MF1,MF1,MF1,MF1,MF1
7V2680-701,U049,MF1,MF1,MF1,MF1,MF1,MF1,MF1,MF1,MF1,MF1,MF1,MF1,MF1,MF1,MF1,MF1,MF1,MF1,MF1,MF1,MF1,MF1,MF1,MF1
7V1670-701,U049,MF1,MF1,MF1,MF1,MF1,MF1,MF1,MF1,MF1,MF1,MF1,MF1,MF1,MF1,MF1,MF1,MF1,MF1,MF1,MF1,MF1,MF1,MF1,MF1
7V1110-701,U066,MF2,MF2,MF2,MF2,MF2,MF2,MF2,MF2,MF2,MF2,MF2,MF2,MF2,MF2,MF2,MF2,MF2,MF2,MF2,MF2,MF2,MF2,MF2,MF2
7V1114-701,U066,MF2,MF2,MF2,MF2,MF2,MF2,MF2,MF2,MF2,MF2,MF2,MF2,MF2,MF2,MF2,MF2,MF2,MF2,MF2,MF2,MF2,MF2,MF2,MF2
7V1117-701,U066,MF2,MF2,MF2,MF2,MF2,MF2,MF2,MF2,MF2,MF2,MF2,MF2,MF2,MF2,MF2,MF2,MF2,MF2,MF2,MF2,MF2,MF2,MF2,MF2
7V1120-701,C029,MF2,MF2,MF2,MF2,MF2,MF2,MF2,MF2,MF2,MF2,MF2,MF2,MF2,MF2,MF2,MF2,MF2,MF2,MF2,MF2,MF2,MF2,MF2,MF2
7V1124-701,C029,MF2,MF2,MF2,MF2,MF2,MF2,MF2,MF2,MF2,MF2,MF2,MF2,MF2,MF2,MF2,MF2,MF2,MF2,MF2,MF2,MF2,MF2,MF2,MF2
7V1127-701,C029,MF2,MF2,MF2,MF2,MF2,MF2,MF2,MF2,MF2,MF2,MF2,MF2,MF2,MF2,MF2,MF2,MF2,MF2,MF2,MF2,MF2,MF2,MF2,MF2
7V1130-701,C029,MF2,MF2,MF2,MF2,MF2,MF2,MF2,MF2,MF2,MF2,MF2,MF2,MF2,MF2,MF2,MF2,MF2,MF2,MF2,MF2,MF2,MF2,MF2,MF2
7V1134-701,C029,MF2,MF2,MF2,MF2,MF2,MF2,MF2,MF2,MF2,MF2,MF2,MF2,MF2,MF2,MF2,MF2,MF2,MF2,MF2,MF2,MF2,MF2,MF2,MF2
7V1137-701,C029,MF2,MF2,MF2,MF2,MF2,MF2,MF2,MF2,MF2,MF2,MF2,MF2,MF2,MF2,MF2,MF2,MF2,MF2,MF2,MF2,MF2,MF2,MF2,MF2
7V1620-701,C033,MF2,MF2,MF2,MF2,MF2,MF2,MF2,MF2,MF2,MF2,MF2,MF2,MF2,MF2,MF2,MF2,MF2,MF2,MF2,MF2,MF2,MF2,MF2,MF2
7V2120-701,C029,MF2,MF2,MF2,MF2,MF2,MF2,MF2,MF2,MF2,MF2,MF2,MF2,MF2,MF2,MF2,MF2,MF2,MF2,MF2,MF2,MF2,MF2,MF2,MF2
7V2124-701,C029,MF2,MF2,MF2,MF2,MF2,MF2,MF2,MF2,MF2,MF2,MF2,MF2,MF2,MF2,MF2,MF2,MF2,MF2,MF2,MF2,MF2,MF2,MF2,MF2
7V2127-701,C029,MF2,MF2,MF2,MF2,MF2,MF2,MF2,MF2,MF2,MF2,MF2,MF2,MF2,MF2,MF2,MF2,MF2,MF2,MF2,MF2,MF2,MF2,MF2,MF2
7V2130-701,C029,MF2,MF2,MF2,MF2,MF2,MF2,MF2,MF2,MF2,MF2,MF2,MF2,MF2,MF2,MF2,MF2,MF2,MF2,MF2,MF2,MF2,MF2,MF2,MF2
7V2134-701,C029,MF2,MF2,MF2,MF2,MF2,MF2,MF2,MF2,MF2,MF2,MF2,MF2,MF2,MF2,MF2,MF2,MF2,MF2,MF2,MF2,MF2,MF2,MF2,MF2
7V2137-701,C029,MF2,MF2,MF2,MF2,MF2,MF2,MF2,MF2,MF2,MF2,MF2,MF2,MF2,MF2,MF2,MF2,MF2,MF2,MF2,MF2,MF2,MF2,MF2,MF2
A1579-201B,U066,MF2,MF2,MF2,MF2,MF2,MF2,MF2,MF2,MF2,MF2,MF2,MF2,MF2,MF2,MF2,MF2,MF2,MF2,MF2,MF2,MF2,MF2,MF2,MF2
A1579-201B,U071,MF2,MF2,MF2,MF2,MF2,MF2,MF2,MF2,MF2,MF2,MF2,MF2,MF2,MF2,MF2,MF2,MF2,MF2,MF2,MF2,MF2,MF2,MF2,MF2
7V2560-701,U071,MF2,MF2,MF2,MF2,MF2,MF2,MF2,MF2,MF2,MF2,MF2,MF2,MF2,MF2,MF2,MF2,MF2,MF2,MF2,MF2,MF2,MF2,MF2,MF2
7V2110-701,U066,MF2,MF2,MF2,MF2,MF2,MF2,MF2,MF2,MF2,MF2,MF2,MF2,MF2,MF2,MF2,MF2,MF2,MF2,MF2,MF2,MF2,MF2,MF2,MF2
7V2114-701,U066,MF2,MF2,MF2,MF2,MF2,MF2,MF2,MF2,MF2,MF2,MF2,MF2,MF2,MF2,MF2,MF2,MF2,MF2,MF2,MF2,MF2,MF2,MF2,MF2
7V2117-701,U066,MF2,MF2,MF2,MF2,MF2,MF2,MF2,MF2,MF2,MF2,MF2,MF2,MF2,MF2,MF2,MF2,MF2,MF2,MF2,MF2,MF2,MF2,MF2,MF2
A4077-201B,U066,MF2,MF2,MF2,MF2,MF2,MF2,MF2,MF2,MF2,MF2,MF2,MF2,MF2,MF2,MF2,MF2,MF2,MF2,MF2,MF2,MF2,MF2,MF2,MF2
A4079-138B,U066,MF2,MF2,MF2,MF2,MF2,MF2,MF2,MF2,MF2,MF2,MF2,MF2,MF2,MF2,MF2,MF2,MF2,MF2,MF2,MF2,MF2,MF2,MF2,MF2
A4079-201B,U066,MF2,MF2,MF2,MF2,MF2,MF2,MF2,MF2,MF2,MF2,MF2,MF2,MF2,MF2,MF2,MF2,MF2,MF2,MF2,MF2,MF2,MF2,MF2,MF2
A4079-457B,U066,MF2,MF2,MF2,MF2,MF2,MF2,MF2,MF2,MF2,MF2,MF2,MF2,MF2,MF2,MF2,MF2,MF2,MF2,MF2,MF2,MF2,MF2,MF2,MF2
A4081-201B,U066,MF2,MF2,MF2,MF2,MF2,MF2,MF2,MF2,MF2,MF2,MF2,MF2,MF2,MF2,MF2,MF2,MF2,MF2,MF2,MF2,MF2,MF2,MF2,MF2
7M5040-701,U066,MF2,MF2,MF2,MF2,MF2,MF2,MF2,MF2,MF2,MF2,MF2,MF2,MF2,MF2,MF2,MF2,MF2,MF2,MF2,MF2,MF2,MF2,MF2,MF2
7V2710-701,-,MF3,MF3,MF3,MF3,MF3,MF3,MF3,MF3,MF3,MF3,MF3,MF3,MF3,MF3,MF3,MF3,MF3,MF3,MF3,MF3,MF3,MF3,MF3,MF3
7V1710-701,-,MF3,MF3,MF3,MF3,MF3,MF3,MF3,MF3,MF3,MF3,MF3,MF3,MF3,MF3,MF3,MF3,MF3,MF3,MF3,MF3,MF3,MF3,MF3,MF3
7V1730-701,-,MF3,MF3,MF3,MF3,MF3,MF3,MF3,MF3,MF3,MF3,MF3,MF3,MF3,MF3,MF3,MF3,MF3,MF3,MF3,MF3,MF3,MF3,MF3,MF3
7V1720-701,-,MF3,MF3,MF3,MF3,MF3,MF3,MF3,MF3,MF3,MF3,MF3,MF3,MF3,MF3,MF3,MF3,MF3,MF3,MF3,MF3,MF3,MF3,MF3,MF3
7V1820-701,-,MF3,MF3,MF3,MF3,MF3,MF3,MF3,MF3,MF3,MF3,MF3,MF3,MF3,MF3,MF3,MF3,MF3,MF3,MF3,MF3,MF3,MF3,MF3,MF3
7V1830-701,-,MF3,MF3,MF3,MF3,MF3,MF3,MF3,MF3,MF3,MF3,MF3,MF3,MF3,MF3,MF3,MF3,MF3,MF3,MF3,MF3,MF3,MF3,MF3,MF3
7M5330-710,C033,P03,P03,P03,P03,P03,P03,P03,P03,P03,P03,P03,P03,P03,P03,P03,P03,P03,P03,P03,P03,P03,P03,P03,P03
A1294,U066,M04,M04,M04,M04,M04,M04,M04,M04,M04,M04,M04,M04,M04,M04,M04,M04,M04,M04,M04,M04,M04,M04,M04,M04
A1091,U066,M04,M04,M04,M04,M04,M04,M04,M04,M04,M04,M04,M04,M04,M04,M04,M04,M04,M04,M04,M04,M04,M04,M04,M04
